parameter,description,unit,type,group,label,value_map,cluster
CO,Cardiac output,L/min,float,MRI - aorta,CO,NaN,Aorta
Thl,Heart-lung mean transit time,sec,float,MRI - aorta,MTT(hl),NaN,Aorta
Dhl,Heart-lung dispersion,%,float,MRI - aorta,TTD(hl),NaN,Aorta
To,Organs blood mean transit time,sec,float,MRI - aorta,MTT(o),NaN,Aorta
Eo,Organs extraction fraction,%,float,MRI - aorta,E(o),NaN,Aorta
Toe,Organs extravascular mean transit time,min,float,MRI - aorta,"MTT(o,e)",NaN,Aorta
Eb,Body extraction fraction,%,float,MRI - aorta,E,NaN,Aorta
AUC35_Cb,AUC for Cb (0-35min),mM*sec,float,MRI - aorta,"AUC(30,b)",NaN,Aorta
RE_R1b,RE for R1b at 20min,%,float,MRI - aorta,RER1(b),NaN,Aorta
RE_Sb,RE for Sb at 20min,%,float,MRI - aorta,RES(b),NaN,Aorta
ve,Liver extracellular volume fraction,mL/100cm3,float,MRI - liver,v(e),NaN,EC
Te,Extracellular mean transit time,sec,float,MRI - liver,MTT(e),NaN,EC
De,Extracellular dispersion,%,float,MRI - liver,TTD(e),NaN,EC
khe,Hepatocellular uptake rate,mL/min/100cm3,float,MRI - liver,k(he),NaN,HC
kbh,Biliary excretion rate,mL/min/100cm3,float,MRI - liver,k(bh),NaN,HC
CL,Liver blood clearance,L/min,float,MRI - liver,Cl,NaN,HC
AUC35_Cl,AUC for Cl (0-35min),mM*sec,float,MRI - liver,"AUC(30,l)",NaN,SQ
RE_R1l,RE for R1l at 20min,%,float,MRI - liver,RER1(l),NaN,SQ
RE_Sl,RE for Sl at 20min,%,float,MRI - liver,RES(l),NaN,SQ
Age,Age,yr,float,Screening,Age,NaN,Screening
Sex,Sex,,float,Screening,Sex,"0:female,1:male",Screening
BMI,BMI ,kg/m2,float,Screening,BMI,NaN,Screening
Crea,Creatinine,umol/L,float,Screening,Crea,NaN,Screening
Height,Height ,cm,float,Screening,Height,NaN,Screening
Urea,Urea nitrogen,mmol/L,float,Screening,Urea,NaN,Screening
Weight,Body weight ,kg,float,Screening,Weight,NaN,Screening
R1_45min,R1 at 45mins,1/sec,float,MRI - liver,R1(45),NaN,SQ
DR1_45min,Delta R1 at 45mins,1/sec,float,MRI - liver,DR1(45),NaN,SQ
R1_scan2,R1 (scan 2),1/sec,float,MRI - liver,R1(2),NaN,SQ
DR1_scan2,Delta R1 (scan 2),1/sec,float,MRI - liver,DR1(2),NaN,SQ
AvrAlb,Average Albumin,g/L,float,Blood - liver function test,Alb,NaN,Blood - liver function test
AvrALP,Average ALP,U/L,float,Blood - liver function test,ALP,NaN,Blood - liver function test
AvrALT,Average ALT,U/L,float,Blood - liver function test,ALT,NaN,Blood - liver function test
AvrBili,Average Bilirubin,umol/L,float,Blood - liver function test,Bil,NaN,Blood - liver function test
AvrConBili,Average Conjugated Bilirubin,umol/L,float,Blood - liver function test,CBil,NaN,Blood - liver function test
AvrConTotBili,Average Conjugated/total bilirubin,%,float,Blood - liver function test,CTBil,NaN,Blood - liver function test
