subject,study,parameter,value
LDS-001,control,CO,12.681303890640676
LDS-001,control,Thl,26.348158061771542
LDS-001,control,Dhl,67.99816548925006
LDS-001,control,To,25.14978497220128
LDS-001,control,Eo,13.857873743746799
LDS-001,control,Toe,8.415989242606512
LDS-001,control,Eb,6.124727100774145
LDS-001,control,ve,30.17971370781848
LDS-001,control,Te,39.66679357847665
LDS-001,control,De,72.3494510102165
LDS-001,control,khe,22.94387000959732
LDS-001,control,kbh,0.911726008252649
LDS-001,control,CL,0.25380815970653414
LDS-001,control,AUC35_Cb,106.24956058420648
LDS-001,control,AUC35_Cl,658.2011822877826
LDS-001,control,RE_R1b,59.354996674711714
LDS-001,control,RE_R1l,260.32185816560326
LDS-001,control,RE_Sb,48.27375804538999
LDS-001,control,RE_Sl,161.41869792659912
LDS-001,control,R1_45min,6.074226870126135
LDS-001,control,DR1_45min,4.7619769970902475
LDS-001,control,R1_scan2,3.717057591038388
LDS-001,control,DR1_scan2,2.4048077180025
LDS-001,control,AvrAlb,42.5
LDS-001,control,AvrALP,47.0
LDS-001,control,AvrALT,25.0
LDS-001,control,AvrBili,10.5
LDS-001,control,AvrConBili,3.0
LDS-001,control,AvrConTotBili,29.0
LDS-005,control,CO,6.614949497666818
LDS-005,control,Thl,10.351937438318975
LDS-005,control,Dhl,56.03586952856631
LDS-005,control,To,22.44253169163024
LDS-005,control,Eo,17.499632910711213
LDS-005,control,Toe,4.608937081959018
LDS-005,control,Eb,6.621268513065274
LDS-005,control,ve,18.187991276171058
LDS-005,control,Te,39.05585855051686
LDS-005,control,De,79.53411164950415
LDS-005,control,khe,29.51583850538874
LDS-005,control,kbh,2.419145653577601
LDS-005,control,CL,0.20818178085704506
LDS-005,control,AUC35_Cb,37.76363165458657
LDS-005,control,AUC35_Cl,211.85827049259942
LDS-005,control,RE_R1b,15.772785627482582
LDS-005,control,RE_R1l,96.75643109363375
LDS-005,control,RE_Sb,2.180114911274723
LDS-005,control,RE_Sl,75.13629108360641
LDS-005,control,R1_45min,2.219854323347546
LDS-005,control,DR1_45min,0.9737484043444307
LDS-005,control,R1_scan2,1.4936073158798149
LDS-005,control,DR1_scan2,0.2475013968766997
LDS-005,control,AvrAlb,38.5
LDS-005,control,AvrALP,39.5
LDS-005,control,AvrALT,14.0
LDS-005,control,AvrBili,12.0
LDS-005,control,AvrConBili,4.0
LDS-005,control,AvrConTotBili,33.0
LDS-002,control,CO,3.606952779826367
LDS-002,control,Thl,14.640800228728752
LDS-002,control,Dhl,64.20811524586867
LDS-002,control,To,32.91791838353487
LDS-002,control,Eo,19.5323024861743
LDS-002,control,Toe,8.003844296058908
LDS-002,control,Eb,6.936221660061488
LDS-002,control,ve,1.0025074349074525
LDS-002,control,Te,3.3025219471744087
LDS-002,control,De,3.0622920148470856
LDS-002,control,khe,44.53956220512769
LDS-002,control,kbh,2.5057541712229243
LDS-002,control,CL,0.3045077222112028
LDS-002,control,AUC35_Cb,17.569588841152765
LDS-002,control,AUC35_Cl,106.45521811370462
LDS-002,control,RE_R1b,9.496854288748661
LDS-002,control,RE_R1l,36.15870178052921
LDS-002,control,RE_Sb,9.982953554355657
LDS-002,control,RE_Sl,29.842224092821485
LDS-002,control,R1_45min,1.7158840023841317
LDS-002,control,DR1_45min,0.39343002711174924
LDS-002,control,R1_scan2,1.3516253733040602
LDS-002,control,DR1_scan2,0.029171398031677676
LDS-002,control,AvrAlb,43.0
LDS-002,control,AvrALP,112.5
LDS-002,control,AvrALT,21.5
LDS-002,control,AvrBili,23.0
LDS-002,control,AvrConBili,10.0
LDS-002,control,AvrConTotBili,43.5
LDS-002,drug,CO,5.753983038232595
LDS-002,drug,Thl,8.236781912977625
LDS-002,drug,Dhl,68.67257622591363
LDS-002,drug,To,25.395755704595217
LDS-002,drug,Eo,14.057291012758553
LDS-002,drug,Toe,4.982543882405896
LDS-002,drug,Eb,5.306290856333922
LDS-002,drug,ve,18.474968227267958
LDS-002,drug,Te,36.196450650333205
LDS-002,drug,De,72.1726707795789
LDS-002,drug,khe,2.9766109179921463
LDS-002,drug,kbh,0.25871512107988376
LDS-002,drug,CL,0.02388555851041552
LDS-002,drug,AUC35_Cb,17.227721441012015
LDS-002,drug,AUC35_Cl,16.311879614079356
LDS-002,drug,RE_R1b,9.122948338789632
LDS-002,drug,RE_R1l,6.154124743395002
LDS-002,drug,RE_Sb,4.255517729394765
LDS-002,drug,RE_Sl,3.9962138693645155
LDS-002,drug,R1_45min,1.3920597205870258
LDS-002,drug,DR1_45min,0.16432772500357062
LDS-002,drug,R1_scan2,1.3266645972467834
LDS-002,drug,DR1_scan2,0.09893260166332829
LDS-002,drug,AvrAlb,44.0
LDS-002,drug,AvrALP,123.0
LDS-002,drug,AvrALT,28.0
LDS-002,drug,AvrBili,30.0
LDS-002,drug,AvrConBili,30.5
LDS-002,drug,AvrConTotBili,46.5
LDS-003,control,CO,7.364691309969706
LDS-003,control,Thl,10.604072552272793
LDS-003,control,Dhl,34.71721572250523
LDS-003,control,To,17.45896952250813
LDS-003,control,Eo,17.552244125496806
LDS-003,control,Toe,2.3141782126465755
LDS-003,control,Eb,7.0321310380626905
LDS-003,control,ve,36.624485643754966
LDS-003,control,Te,59.99959238425666
LDS-003,control,De,88.39867213426128
LDS-003,control,khe,24.015380762673885
LDS-003,control,kbh,2.071430724691689
LDS-003,control,CL,0.2099117827247702
LDS-003,control,AUC35_Cb,12.496261233676146
LDS-003,control,AUC35_Cl,78.23373874835323
LDS-003,control,RE_R1b,5.890019680800087
LDS-003,control,RE_R1l,41.64030572710024
LDS-003,control,RE_Sb,28.865642819683675
LDS-003,control,RE_Sl,36.02204550854229
LDS-003,control,R1_45min,1.8889307794969048
LDS-003,control,DR1_45min,0.47430358180423626
LDS-003,control,R1_scan2,1.5159553757554325
LDS-003,control,DR1_scan2,0.10132817806276395
LDS-003,control,AvrAlb,46.0
LDS-003,control,AvrALP,68.5
LDS-003,control,AvrALT,17.5
LDS-003,control,AvrBili,10.5
LDS-003,control,AvrConBili,3.5
LDS-003,control,AvrConTotBili,34.5
LDS-003,drug,CO,6.10229004365253
LDS-003,drug,Thl,13.17806333926924
LDS-003,drug,Dhl,48.33329608532031
LDS-003,drug,To,26.818815099760126
LDS-003,drug,Eo,10.80815872337
LDS-003,drug,Toe,6.3732598164253
LDS-003,drug,Eb,3.3980526253319945
LDS-003,drug,ve,20.118849070697344
LDS-003,drug,Te,28.28341413464597
LDS-003,drug,De,65.13240901214282
LDS-003,drug,khe,3.761856439264627
LDS-003,drug,kbh,1.3239294619484674
LDS-003,drug,CL,0.03241845912824968
LDS-003,drug,AUC35_Cb,19.995737682520616
LDS-003,drug,AUC35_Cl,19.83559781537468
LDS-003,drug,RE_R1b,12.595020581660798
LDS-003,drug,RE_R1l,6.709923663869405
LDS-003,drug,RE_Sb,4.158960416581606
LDS-003,drug,RE_Sl,4.630855952706361
LDS-003,drug,R1_45min,1.450263161780297
LDS-003,drug,DR1_45min,0.07197935892691376
LDS-003,drug,R1_scan2,1.4091056744047183
LDS-003,drug,DR1_scan2,0.03082187155133509
LDS-003,drug,AvrAlb,45.0
LDS-003,drug,AvrALP,77.5
LDS-003,drug,AvrALT,17.5
LDS-003,drug,AvrBili,23.5
LDS-003,drug,AvrConBili,11.5
LDS-003,drug,AvrConTotBili,49.0
LDS-004,control,CO,4.1347011193581205
LDS-004,control,Thl,18.75594473441108
LDS-004,control,Dhl,31.148139802832198
LDS-004,control,To,26.328184492733218
LDS-004,control,Eo,30.898208303861914
LDS-004,control,Toe,5.6037169464087775
LDS-004,control,Eb,14.908973146763907
LDS-004,control,ve,5.800437254820501
LDS-004,control,Te,25.544342464119076
LDS-004,control,De,56.45056013959465
LDS-004,control,khe,23.88636428415307
LDS-004,control,kbh,0.5249584344699344
LDS-004,control,CL,0.2116445009279712
LDS-004,control,AUC35_Cb,36.75448259143732
LDS-004,control,AUC35_Cl,190.4285596166083
LDS-004,control,RE_R1b,18.188603362790033
LDS-004,control,RE_R1l,75.5024588592584
LDS-004,control,RE_Sb,6.01910403603376
LDS-004,control,RE_Sl,61.8378654514423
LDS-004,control,R1_45min,1.9902082114235438
LDS-004,control,DR1_45min,0.7438848419947954
LDS-004,control,R1_scan2,1.5387219020436866
LDS-004,control,DR1_scan2,0.2923985326149383
LDS-004,control,AvrAlb,37.0
LDS-004,control,AvrALP,118.0
LDS-004,control,AvrALT,18.0
LDS-004,control,AvrBili,14.0
LDS-004,control,AvrConBili,3.5
LDS-004,control,AvrConTotBili,25.0
LDS-004,drug,CO,6.001229351848873
LDS-004,drug,Thl,21.09538003918464
LDS-004,drug,Dhl,33.078290064578745
LDS-004,drug,To,36.580942375641044
LDS-004,drug,Eo,22.192120057090314
LDS-004,drug,Toe,5.612492092607893
LDS-004,drug,Eb,5.108502761833045
LDS-004,drug,ve,19.556461429504054
LDS-004,drug,Te,52.59878590427428
LDS-004,drug,De,80.40328659930256
LDS-004,drug,khe,2.2859585567605736
LDS-004,drug,kbh,1.0199905927407429
LDS-004,drug,CL,0.022477290252612917
LDS-004,drug,AUC35_Cb,48.80727049473497
LDS-004,drug,AUC35_Cl,35.43028817675621
LDS-004,drug,RE_R1b,31.902185993172367
LDS-004,drug,RE_R1l,12.215144949843841
LDS-004,drug,RE_Sb,26.783505982348416
LDS-004,drug,RE_Sl,10.712681717567596
LDS-004,drug,R1_45min,1.4085102762747692
LDS-004,drug,DR1_45min,0.16207815394804603
LDS-004,drug,R1_scan2,1.3471097451256642
LDS-004,drug,DR1_scan2,0.10067762279894099
LDS-004,drug,AvrAlb,36.5
LDS-004,drug,AvrALP,115.0
LDS-004,drug,AvrALT,17.5
LDS-004,drug,AvrBili,20.5
LDS-004,drug,AvrConBili,8.0
LDS-004,drug,AvrConTotBili,39.5
LDS-006,control,CO,4.425114583504892
LDS-006,control,Thl,16.64328398922914
LDS-006,control,Dhl,33.42835643501222
LDS-006,control,To,30.412666955566785
LDS-006,control,Eo,20.76804101494134
LDS-006,control,Toe,6.070399102590551
LDS-006,control,Eb,8.505042992746862
LDS-006,control,ve,19.27128891134062
LDS-006,control,Te,45.2620781381582
LDS-006,control,De,71.21048024711223
LDS-006,control,khe,37.01788963610768
LDS-006,control,kbh,1.8726381075736402
LDS-006,control,CL,0.2558491080534801
LDS-006,control,AUC35_Cb,27.201055164959506
LDS-006,control,AUC35_Cl,197.21207891108577
LDS-006,control,RE_R1b,15.243614406928533
LDS-006,control,RE_R1l,93.60429260996682
LDS-006,control,RE_Sb,11.97607627169357
LDS-006,control,RE_Sl,75.75881903334445
LDS-006,control,R1_45min,2.006259521682612
LDS-006,control,DR1_45min,0.8154431121229329
LDS-006,control,R1_scan2,1.460472269821691
LDS-006,control,DR1_scan2,0.26965586026201205
LDS-006,control,AvrAlb,42.5
LDS-006,control,AvrALP,64.0
LDS-006,control,AvrALT,24.0
LDS-006,control,AvrBili,6.5
LDS-006,control,AvrConBili,3.0
LDS-006,control,AvrConTotBili,46.5
LDS-006,drug,CO,8.045961491030214
LDS-006,drug,Thl,15.983929448751663
LDS-006,drug,Dhl,40.026055505935254
LDS-006,drug,To,27.737030169311897
LDS-006,drug,Eo,12.076570295260835
LDS-006,drug,Toe,6.6054673929289125
LDS-006,drug,Eb,2.6863244131873074
LDS-006,drug,ve,31.70063992722763
LDS-006,drug,Te,42.251495628395396
LDS-006,drug,De,65.99867425674458
LDS-006,drug,khe,1.9082120598421224
LDS-006,drug,kbh,0.6510468227711043
LDS-006,drug,CL,0.013467430231890648
LDS-006,drug,AUC35_Cb,30.58811340534543
LDS-006,drug,AUC35_Cl,27.081597970093338
LDS-006,drug,RE_R1b,20.76717876046467
LDS-006,drug,RE_R1l,9.546916380112929
LDS-006,drug,RE_Sb,25.10970368390103
LDS-006,drug,RE_Sl,7.57604777028895
LDS-006,drug,R1_45min,1.3253986311998651
LDS-006,drug,DR1_45min,0.12995567409765418
LDS-006,drug,R1_scan2,1.2651181588352862
LDS-006,drug,DR1_scan2,0.06967520173307529
LDS-006,drug,AvrAlb,40.0
LDS-006,drug,AvrALP,50.5
LDS-006,drug,AvrALT,20.0
LDS-006,drug,AvrBili,22.5
LDS-006,drug,AvrConBili,8.5
LDS-006,drug,AvrConTotBili,37.0
LDS-007,control,CO,9.39284599173318
LDS-007,control,Thl,12.14141882777849
LDS-007,control,Dhl,32.600226072424135
LDS-007,control,To,19.123169396940476
LDS-007,control,Eo,19.816098529405718
LDS-007,control,Toe,4.566546863622205
LDS-007,control,Eb,3.202102321650984
LDS-007,control,ve,21.175554139560628
LDS-007,control,Te,57.9681145119969
LDS-007,control,De,95.11093886174659
LDS-007,control,khe,32.89858419014558
LDS-007,control,kbh,2.650312693148145
LDS-007,control,CL,0.3106169302822344
LDS-007,control,AUC35_Cb,36.4121566914554
LDS-007,control,AUC35_Cl,188.07329544304505
LDS-007,control,RE_R1b,24.77679298873401
LDS-007,control,RE_R1l,85.36895657455756
LDS-007,control,RE_Sb,19.07316135544974
LDS-007,control,RE_Sl,72.97111999670273
LDS-007,control,R1_45min,1.8603267495017832
LDS-007,control,DR1_45min,0.6913103366598119
LDS-007,control,R1_scan2,1.6615711071673203
LDS-007,control,DR1_scan2,0.49255469432534893
LDS-007,control,AvrAlb,43.5
LDS-007,control,AvrALP,56.0
LDS-007,control,AvrALT,16.5
LDS-007,control,AvrBili,14.0
LDS-007,control,AvrConBili,5.0
LDS-007,control,AvrConTotBili,35.5
LDS-007,drug,CO,8.414039392724915
LDS-007,drug,Thl,12.94906482139464
LDS-007,drug,Dhl,36.53613967145006
LDS-007,drug,To,15.418434682298825
LDS-007,drug,Eo,19.395424985064068
LDS-007,drug,Toe,4.07794070792903
LDS-007,drug,Eb,3.067408297542809
LDS-007,drug,ve,18.947335325041262
LDS-007,drug,Te,38.9027678562344
LDS-007,drug,De,77.13014308021039
LDS-007,drug,khe,1.8161387607389832
LDS-007,drug,kbh,0.5433907665527844
LDS-007,drug,CL,0.020259967873143145
LDS-007,drug,AUC35_Cb,44.71988702851583
LDS-007,drug,AUC35_Cl,32.421744133063825
LDS-007,drug,RE_R1b,29.393908423609172
LDS-007,drug,RE_R1l,11.69932123843937
LDS-007,drug,RE_Sb,34.26531533732706
LDS-007,drug,RE_Sl,9.464872155380013
LDS-007,drug,R1_45min,1.3251351374469587
LDS-007,drug,DR1_45min,0.1353388022623896
LDS-007,drug,R1_scan2,1.2488604460644774
LDS-007,drug,DR1_scan2,0.05906411087990837
LDS-007,drug,AvrAlb,40.0
LDS-007,drug,AvrALP,58.5
LDS-007,drug,AvrALT,24.0
LDS-007,drug,AvrBili,20.0
LDS-007,drug,AvrConBili,7.0
LDS-007,drug,AvrConTotBili,35.5
LDS-008,control,CO,10.737320899508111
LDS-008,control,Thl,16.264251581252534
LDS-008,control,Dhl,42.40617242150723
LDS-008,control,To,22.623823957379244
LDS-008,control,Eo,15.521945629462714
LDS-008,control,Toe,4.632348779277776
LDS-008,control,Eb,4.764627209843034
LDS-008,control,ve,13.666125709373835
LDS-008,control,Te,18.811914910765076
LDS-008,control,De,47.35023091693808
LDS-008,control,khe,32.02904788730664
LDS-008,control,kbh,2.5716889752636156
LDS-008,control,CL,0.32967789878217635
LDS-008,control,AUC35_Cb,28.287321695453798
LDS-008,control,AUC35_Cl,162.37483445476937
LDS-008,control,RE_R1b,18.348989657630803
LDS-008,control,RE_R1l,65.14863086623336
LDS-008,control,RE_Sb,12.386171118343734
LDS-008,control,RE_Sl,54.35635437370154
LDS-008,control,R1_45min,2.1727794666430444
LDS-008,control,DR1_45min,0.8286572766884168
LDS-008,control,R1_scan2,1.739342201964405
LDS-008,control,DR1_scan2,0.3952200120097773
LDS-008,control,AvrAlb,43.0
LDS-008,control,AvrALP,54.5
LDS-008,control,AvrALT,14.0
LDS-008,control,AvrBili,11.5
LDS-008,control,AvrConBili,4.5
LDS-008,control,AvrConTotBili,39.0
LDS-008,drug,CO,9.500154474694938
LDS-008,drug,Thl,14.676193458594227
LDS-008,drug,Dhl,43.944520731578834
LDS-008,drug,To,26.042065917145944
LDS-008,drug,Eo,9.013580634208358
LDS-008,drug,Toe,8.875789702166209
LDS-008,drug,Eb,2.621428032729953
LDS-008,drug,ve,16.572115129894215
LDS-008,drug,Te,32.118696555963844
LDS-008,drug,De,59.26579989105174
LDS-008,drug,khe,2.092789057433928
LDS-008,drug,kbh,0.3981377684957411
LDS-008,drug,CL,0.01843044113275309
LDS-008,drug,AUC35_Cb,41.15368135742984
LDS-008,drug,AUC35_Cl,26.61989971572405
LDS-008,drug,RE_R1b,25.194431081646297
LDS-008,drug,RE_R1l,7.663164696877906
LDS-008,drug,RE_Sb,21.0039755425488
LDS-008,drug,RE_Sl,4.536316549971405
LDS-008,drug,R1_45min,1.6256990638062414
LDS-008,drug,DR1_45min,0.20976986026641842
LDS-008,drug,R1_scan2,1.5223480580749296
LDS-008,drug,DR1_scan2,0.10641885453510658
LDS-008,drug,AvrAlb,40.0
LDS-008,drug,AvrALP,42.5
LDS-008,drug,AvrALT,25.5
LDS-008,drug,AvrBili,22.5
LDS-009,control,CO,11.388944922614348
LDS-009,control,Thl,9.41827282156907
LDS-009,control,Dhl,51.71816688353875
LDS-009,control,To,35.43864878731361
LDS-009,control,Eo,13.825573476248785
LDS-009,control,Toe,6.645758566779027
LDS-009,control,Eb,5.701092055342727
LDS-009,control,ve,15.884277898652005
LDS-009,control,Te,36.24849575309691
LDS-009,control,De,72.7236411223615
LDS-009,control,khe,21.807020829192904
LDS-009,control,kbh,2.94501648939402
LDS-009,control,CL,0.25865669598314656
LDS-009,control,AUC35_Cb,29.52312405265828
LDS-009,control,AUC35_Cl,108.62345448492971
LDS-009,control,RE_R1b,17.91278058980001
LDS-009,control,RE_R1l,51.206636465440795
LDS-009,control,RE_Sb,3.7769611044079423
LDS-009,control,RE_Sl,40.87363225313824
LDS-009,control,R1_45min,1.6087516708655727
LDS-009,control,DR1_45min,0.42818380100332787
LDS-009,control,R1_scan2,1.3765951428715306
LDS-009,control,DR1_scan2,0.1960272730092858
LDS-009,control,AvrAlb,45.5
LDS-009,control,AvrALP,53.0
LDS-009,control,AvrALT,41.5
LDS-009,control,AvrBili,14.0
LDS-009,control,AvrConBili,5.5
LDS-009,control,AvrConTotBili,39.0
LDS-009,drug,CO,10.383727633630425
LDS-009,drug,Thl,14.795897473088836
LDS-009,drug,Dhl,55.633996665606404
LDS-009,drug,To,45.44948440300113
LDS-009,drug,Eo,10.213302195923038
LDS-009,drug,Toe,8.03444830964184
LDS-009,drug,Eb,2.618835596752699
LDS-009,drug,ve,22.61612218935244
LDS-009,drug,Te,58.17904689374618
LDS-009,drug,De,69.8638943651516
LDS-009,drug,khe,1.1610060067726071
LDS-009,drug,kbh,1.6656787304034961
LDS-009,drug,CL,0.01392993131390546
LDS-009,drug,AUC35_Cb,42.863303373030334
LDS-009,drug,AUC35_Cl,24.349543940820954
LDS-009,drug,RE_R1b,31.623342318710318
LDS-009,drug,RE_R1l,9.041410348298998
LDS-009,drug,RE_Sb,22.023857209480585
LDS-009,drug,RE_Sl,5.562230479795377
LDS-009,drug,R1_45min,1.2237654905826694
LDS-009,drug,DR1_45min,0.0891038556970789
LDS-009,drug,R1_scan2,1.2054874105175435
LDS-009,drug,DR1_scan2,0.07082577563195303
LDS-009,drug,AvrAlb,41.0
LDS-009,drug,AvrALP,63.5
LDS-009,drug,AvrALT,44.5
LDS-009,drug,AvrBili,15.5
LDS-009,drug,AvrConBili,8.0
LDS-009,drug,AvrConTotBili,52.0
LDS-010,control,CO,7.121990662638001
LDS-010,control,Thl,9.730773100307557
LDS-010,control,Dhl,58.76958719738163
LDS-010,control,To,46.74759800156098
LDS-010,control,Eo,14.240908567670859
LDS-010,control,Toe,8.961321801544944
LDS-010,control,Eb,3.461421813385375
LDS-010,control,ve,15.225286048210629
LDS-010,control,Te,39.061742578992515
LDS-010,control,De,74.60718613994918
LDS-010,control,khe,28.25784181120967
LDS-010,control,kbh,3.254008794236712
LDS-010,control,CL,0.3040236087724031
LDS-010,control,AUC35_Cb,37.21383149781865
LDS-010,control,AUC35_Cl,151.7973835977772
LDS-010,control,RE_R1b,21.07237195703773
LDS-010,control,RE_R1l,63.36990678028114
LDS-010,control,RE_Sb,10.056052018883657
LDS-010,control,RE_Sl,51.682063828141736
LDS-010,control,R1_45min,1.7797077244734452
LDS-010,control,DR1_45min,0.5395053342083105
LDS-010,control,R1_scan2,1.398523202572598
LDS-010,control,DR1_scan2,0.1583208123074633
LDS-010,control,AvrAlb,41.5
LDS-010,control,AvrALP,64.5
LDS-010,control,AvrALT,16.5
LDS-010,control,AvrBili,13.5
LDS-010,control,AvrConBili,5.0
LDS-010,control,AvrConTotBili,37.0
LDS-010,drug,CO,7.411803198690125
LDS-010,drug,Thl,14.778585828516691
LDS-010,drug,Dhl,53.09410756561568
LDS-010,drug,To,43.35599887867731
LDS-010,drug,Eo,14.72362868546443
LDS-010,drug,Toe,9.2205614885765
LDS-010,drug,Eb,2.9055488206072564
LDS-010,drug,ve,24.235547372740346
LDS-010,drug,Te,55.14027853452556
LDS-010,drug,De,73.61304469982423
LDS-010,drug,khe,1.3248341047588195
LDS-010,drug,kbh,0.46611941039566224
LDS-010,drug,CL,0.014693335273940613
LDS-010,drug,AUC35_Cb,36.32013127405342
LDS-010,drug,AUC35_Cl,24.046141721828302
LDS-010,drug,RE_R1b,22.65591298733508
LDS-010,drug,RE_R1l,7.859072028724023
LDS-010,drug,RE_Sb,24.14803290252962
LDS-010,drug,RE_Sl,5.852072806945635
LDS-010,drug,R1_45min,1.3261544209377354
LDS-010,drug,DR1_45min,0.12197350769699766
LDS-010,drug,R1_scan2,1.2734635499902764
LDS-010,drug,DR1_scan2,0.06928263674953872
LDS-010,drug,AvrAlb,41.0
LDS-010,drug,AvrALP,61.0
LDS-010,drug,AvrALT,15.5
LDS-010,drug,AvrBili,21.5
LDS-010,drug,AvrConBili,14.5
LDS-010,drug,AvrConTotBili,52.5
