subject,study,parameter,value
LDS-001,control,CO,0.30408864261528157
LDS-001,control,Thl,1.1347646339643827
LDS-001,control,Dhl,0.9138338641937385
LDS-001,control,To,0.635861140352115
LDS-001,control,Eo,0.31952605109822413
LDS-001,control,Toe,0.2766381357992996
LDS-001,control,Eb,0.2438799826533406
LDS-001,control,ve,0.7758084416603622
LDS-001,control,Te,1.4017992939592416
LDS-001,control,De,1.922040288252173
LDS-001,control,khe,0.20802823883443752
LDS-001,control,kbh,0.014583846592931306
LDS-001,control,CL,0.0
LDS-001,control,AUC35_Cb,0.0
LDS-001,control,AUC35_Cl,0.0
LDS-001,control,RE_R1b,0.0
LDS-001,control,RE_R1l,0.0
LDS-001,control,RE_Sb,0.0
LDS-001,control,RE_Sl,0.0
LDS-005,control,CO,0.10572022946167446
LDS-005,control,Thl,0.3312255039989954
LDS-005,control,Dhl,1.3627884796834795
LDS-005,control,To,0.7846139358993028
LDS-005,control,Eo,0.5168291620925052
LDS-005,control,Toe,0.17849067343233563
LDS-005,control,Eb,0.1867206523592895
LDS-005,control,ve,1.8657275976101144
LDS-005,control,Te,4.804265357021695
LDS-005,control,De,3.562772132447688
LDS-005,control,khe,0.2959317626852364
LDS-005,control,kbh,0.05632624209871745
LDS-005,control,CL,0.0
LDS-005,control,AUC35_Cb,0.0
LDS-005,control,AUC35_Cl,0.0
LDS-005,control,RE_R1b,0.0
LDS-005,control,RE_R1l,0.0
LDS-005,control,RE_Sb,0.0
LDS-005,control,RE_Sl,0.0
LDS-002,control,CO,0.09050797811073885
LDS-002,control,Thl,0.5677165666136458
LDS-002,control,Dhl,1.184907621978096
LDS-002,control,To,1.7952932966292707
LDS-002,control,Eo,0.7293563125313879
LDS-002,control,Toe,0.6148170862360806
LDS-002,control,Eb,0.4324000710700481
LDS-002,control,ve,1.6922298300352194
LDS-002,control,Te,3.623786483204037
LDS-002,control,De,958.1622175583093
LDS-002,control,khe,0.6450492020581633
LDS-002,control,kbh,0.042832518814105616
LDS-002,control,CL,0.0
LDS-002,control,AUC35_Cb,0.0
LDS-002,control,AUC35_Cl,0.0
LDS-002,control,RE_R1b,0.0
LDS-002,control,RE_R1l,0.0
LDS-002,control,RE_Sb,0.0
LDS-002,control,RE_Sl,0.0
LDS-002,drug,CO,0.12230482951151002
LDS-002,drug,Thl,0.323966391081483
LDS-002,drug,Dhl,1.8663489426867967
LDS-002,drug,To,1.116553646726714
LDS-002,drug,Eo,0.6575911655617985
LDS-002,drug,Toe,0.3635689376347396
LDS-002,drug,Eb,0.2143465140267564
LDS-002,drug,ve,0.8777018154779391
LDS-002,drug,Te,3.203710596020568
LDS-002,drug,De,4.119808544822023
LDS-002,drug,khe,0.2511431299305808
LDS-002,drug,kbh,0.06279510175037581
LDS-002,drug,CL,0.0
LDS-002,drug,AUC35_Cb,0.0
LDS-002,drug,AUC35_Cl,0.0
LDS-002,drug,RE_R1b,0.0
LDS-002,drug,RE_R1l,0.0
LDS-002,drug,RE_Sb,0.0
LDS-002,drug,RE_Sl,0.0
LDS-003,control,CO,0.15160041700681043
LDS-003,control,Thl,0.38628528405735846
LDS-003,control,Dhl,1.1850734629506057
LDS-003,control,To,1.3316254091749011
LDS-003,control,Eo,1.6968876853425932
LDS-003,control,Toe,0.26194889150247846
LDS-003,control,Eb,0.23654941606653132
LDS-003,control,ve,10.163363288108808
LDS-003,control,Te,19.55639817588249
LDS-003,control,De,5.238299636440191
LDS-003,control,khe,28.153454945204963
LDS-003,control,kbh,0.4090253606222628
LDS-003,control,CL,0.0
LDS-003,control,AUC35_Cb,0.0
LDS-003,control,AUC35_Cl,0.0
LDS-003,control,RE_R1b,0.0
LDS-003,control,RE_R1l,0.0
LDS-003,control,RE_Sb,0.0
LDS-003,control,RE_Sl,0.0
LDS-003,drug,CO,0.15860472438613427
LDS-003,drug,Thl,1.0577089704614913
LDS-003,drug,Dhl,2.4811062787141225
LDS-003,drug,To,0.8902456760697651
LDS-003,drug,Eo,0.5288331560776398
LDS-003,drug,Toe,0.4205649565768527
LDS-003,drug,Eb,0.14992845532009316
LDS-003,drug,ve,0.9107253086097293
LDS-003,drug,Te,2.0767413702319586
LDS-003,drug,De,3.8939112539286023
LDS-003,drug,khe,0.2855281468801051
LDS-003,drug,kbh,0.05405531687713822
LDS-003,drug,CL,0.0
LDS-003,drug,AUC35_Cb,0.0
LDS-003,drug,AUC35_Cl,0.0
LDS-003,drug,RE_R1b,0.0
LDS-003,drug,RE_R1l,0.0
LDS-003,drug,RE_Sb,0.0
LDS-003,drug,RE_Sl,0.0
LDS-004,control,CO,0.0394913659223264
LDS-004,control,Thl,0.13780548127474976
LDS-004,control,Dhl,0.32594499791923054
LDS-004,control,To,0.7976896210692709
LDS-004,control,Eo,0.5800546619311436
LDS-004,control,Toe,0.22746250645072102
LDS-004,control,Eb,0.3849348784344856
LDS-004,control,ve,1.1192996524841141
LDS-004,control,Te,4.137143036644367
LDS-004,control,De,8.497573040455968
LDS-004,control,khe,0.3247827584534974
LDS-004,control,kbh,0.006664142940592841
LDS-004,control,CL,0.0
LDS-004,control,AUC35_Cb,0.0
LDS-004,control,AUC35_Cl,0.0
LDS-004,control,RE_R1b,0.0
LDS-004,control,RE_R1l,0.0
LDS-004,control,RE_Sb,0.0
LDS-004,control,RE_Sl,0.0
LDS-004,drug,CO,0.052392971240164704
LDS-004,drug,Thl,0.4275414781906846
LDS-004,drug,Dhl,0.6674247328757034
LDS-004,drug,To,1.171772573300232
LDS-004,drug,Eo,0.6172299454636737
LDS-004,drug,Toe,0.2849273711541238
LDS-004,drug,Eb,0.16960517618155707
LDS-004,drug,ve,0.7730864508965903
LDS-004,drug,Te,3.165851230752418
LDS-004,drug,De,2.075376647884604
LDS-004,drug,khe,0.16055674073113507
LDS-004,drug,kbh,0.06940419034716921
LDS-004,drug,CL,0.0
LDS-004,drug,AUC35_Cb,0.0
LDS-004,drug,AUC35_Cl,0.0
LDS-004,drug,RE_R1b,0.0
LDS-004,drug,RE_R1l,0.0
LDS-004,drug,RE_Sb,0.0
LDS-004,drug,RE_Sl,0.0
LDS-006,control,CO,0.05058866834843434
LDS-006,control,Thl,0.14735876360755515
LDS-006,control,Dhl,0.5757799464535932
LDS-006,control,To,1.114160975434881
LDS-006,control,Eo,0.6710160327544625
LDS-006,control,Toe,0.3143541651826868
LDS-006,control,Eb,0.27578257712977317
LDS-006,control,ve,3.482855059173932
LDS-006,control,Te,7.805308350749825
LDS-006,control,De,5.677683908862026
LDS-006,control,khe,0.44481154889774466
LDS-006,control,kbh,0.0817612887122972
LDS-006,control,CL,0.0
LDS-006,control,AUC35_Cb,0.0
LDS-006,control,AUC35_Cl,0.0
LDS-006,control,RE_R1b,0.0
LDS-006,control,RE_R1l,0.0
LDS-006,control,RE_Sb,0.0
LDS-006,control,RE_Sl,0.0
LDS-006,drug,CO,0.0902816383894483
LDS-006,drug,Thl,0.29900613023726147
LDS-006,drug,Dhl,0.9604271955133208
LDS-006,drug,To,0.8473801707861529
LDS-006,drug,Eo,0.39379254865135394
LDS-006,drug,Toe,0.39751591192444624
LDS-006,drug,Eb,0.1304140125045616
LDS-006,drug,ve,0.937244996455351
LDS-006,drug,Te,1.8026120519295128
LDS-006,drug,De,2.0617266930648572
LDS-006,drug,khe,0.2041296036149528
LDS-006,drug,kbh,0.1743409088606214
LDS-006,drug,CL,0.0
LDS-006,drug,AUC35_Cb,0.0
LDS-006,drug,AUC35_Cl,0.0
LDS-006,drug,RE_R1b,0.0
LDS-006,drug,RE_R1l,0.0
LDS-006,drug,RE_Sb,0.0
LDS-006,drug,RE_Sl,0.0
LDS-007,control,CO,0.15339408574311714
LDS-007,control,Thl,0.4218885306637373
LDS-007,control,Dhl,1.086706601580827
LDS-007,control,To,0.9251487918372252
LDS-007,control,Eo,0.7074517703276946
LDS-007,control,Toe,0.1696765102705843
LDS-007,control,Eb,0.10623734444332536
LDS-007,control,ve,9.526870005963763
LDS-007,control,Te,27.712596354065546
LDS-007,control,De,3.549709533581008
LDS-007,control,khe,0.7214439098404629
LDS-007,control,kbh,0.32075105607470744
LDS-007,control,CL,0.0
LDS-007,control,AUC35_Cb,0.0
LDS-007,control,AUC35_Cl,0.0
LDS-007,control,RE_R1b,0.0
LDS-007,control,RE_R1l,0.0
LDS-007,control,RE_Sb,0.0
LDS-007,control,RE_Sl,0.0
LDS-007,drug,CO,0.12655820807540416
LDS-007,drug,Thl,0.18121520759269338
LDS-007,drug,Dhl,0.8409828634858717
LDS-007,drug,To,0.661572929955736
LDS-007,drug,Eo,0.6130415232211572
LDS-007,drug,Toe,0.17959541392057668
LDS-007,drug,Eb,0.08578045592855982
LDS-007,drug,ve,0.9812447311725173
LDS-007,drug,Te,3.117168309150877
LDS-007,drug,De,3.0758113690458684
LDS-007,drug,khe,0.522477942113543
LDS-007,drug,kbh,0.053805480498066605
LDS-007,drug,CL,0.0
LDS-007,drug,AUC35_Cb,0.0
LDS-007,drug,AUC35_Cl,0.0
LDS-007,drug,RE_R1b,0.0
LDS-007,drug,RE_R1l,0.0
LDS-007,drug,RE_Sb,0.0
LDS-007,drug,RE_Sl,0.0
LDS-008,control,CO,0.15367419715603856
LDS-008,control,Thl,0.5240402696687155
LDS-008,control,Dhl,0.922078145868136
LDS-008,control,To,0.8044011543066185
LDS-008,control,Eo,0.5596021102001822
LDS-008,control,Toe,0.20436668216580378
LDS-008,control,Eb,0.12223067586244582
LDS-008,control,ve,1.0577392850514509
LDS-008,control,Te,1.935913351587446
LDS-008,control,De,7.197238496248318
LDS-008,control,khe,0.3201003794995402
LDS-008,control,kbh,0.0330669629175204
LDS-008,control,CL,0.0
LDS-008,control,AUC35_Cb,0.0
LDS-008,control,AUC35_Cl,0.0
LDS-008,control,RE_R1b,0.0
LDS-008,control,RE_R1l,0.0
LDS-008,control,RE_Sb,0.0
LDS-008,control,RE_Sl,0.0
LDS-008,drug,CO,0.13081719125088856
LDS-008,drug,Thl,0.5474237299667374
LDS-008,drug,Dhl,1.279271426497888
LDS-008,drug,To,0.7133235778851272
LDS-008,drug,Eo,0.2688561403255611
LDS-008,drug,Toe,0.4386277020379419
LDS-008,drug,Eb,0.0904930896940754
LDS-008,drug,ve,0.5903684554182567
LDS-008,drug,Te,2.011879932550813
LDS-008,drug,De,3.675696945600576
LDS-008,drug,khe,0.1474548648880647
LDS-008,drug,kbh,0.05696546347704473
LDS-008,drug,CL,0.0
LDS-008,drug,AUC35_Cb,0.0
LDS-008,drug,AUC35_Cl,0.0
LDS-008,drug,RE_R1b,0.0
LDS-008,drug,RE_R1l,0.0
LDS-008,drug,RE_Sb,0.0
LDS-008,drug,RE_Sl,0.0
LDS-009,control,CO,0.1609355948227359
LDS-009,control,Thl,0.16751075554297865
LDS-009,control,Dhl,1.081273418945372
LDS-009,control,To,1.1724682640608848
LDS-009,control,Eo,0.5645368587837506
LDS-009,control,Toe,0.4034779538112272
LDS-009,control,Eb,0.1766908378145779
LDS-009,control,ve,1.980078058830908
LDS-009,control,Te,5.8686214719536265
LDS-009,control,De,5.857298503529205
LDS-009,control,khe,0.38173605240289293
LDS-009,control,kbh,0.07072607742359226
LDS-009,control,CL,0.0
LDS-009,control,AUC35_Cb,0.0
LDS-009,control,AUC35_Cl,0.0
LDS-009,control,RE_R1b,0.0
LDS-009,control,RE_R1l,0.0
LDS-009,control,RE_Sb,0.0
LDS-009,control,RE_Sl,0.0
LDS-009,drug,CO,0.12422539634779191
LDS-009,drug,Thl,0.19805886509755455
LDS-009,drug,Dhl,0.9254525437346242
LDS-009,drug,To,1.1775109054174904
LDS-009,drug,Eo,0.39035463468430975
LDS-009,drug,Toe,0.48291480178978613
LDS-009,drug,Eb,0.10397694046426027
LDS-009,drug,ve,0.7911607032911516
LDS-009,drug,Te,3.320639945739459
LDS-009,drug,De,2.5871963602426673
LDS-009,drug,khe,0.15783505860008426
LDS-009,drug,kbh,0.1670530044461393
LDS-009,drug,CL,0.0
LDS-009,drug,AUC35_Cb,0.0
LDS-009,drug,AUC35_Cl,0.0
LDS-009,drug,RE_R1b,0.0
LDS-009,drug,RE_R1l,0.0
LDS-009,drug,RE_Sb,0.0
LDS-009,drug,RE_Sl,0.0
LDS-010,control,CO,0.09516224089681495
LDS-010,control,Thl,0.23436195715272132
LDS-010,control,Dhl,1.3260813204671205
LDS-010,control,To,1.4410714605241424
LDS-010,control,Eo,0.5074930499346064
LDS-010,control,Toe,0.5032473763798057
LDS-010,control,Eb,0.15715777135643785
LDS-010,control,ve,2.931517977796643
LDS-010,control,Te,8.401428987901951
LDS-010,control,De,6.747359919934082
LDS-010,control,khe,0.569141932996489
LDS-010,control,kbh,0.11316936557783638
LDS-010,control,CL,0.0
LDS-010,control,AUC35_Cb,0.0
LDS-010,control,AUC35_Cl,0.0
LDS-010,control,RE_R1b,0.0
LDS-010,control,RE_R1l,0.0
LDS-010,control,RE_Sb,0.0
LDS-010,control,RE_Sl,0.0
LDS-010,drug,CO,0.1025850985837204
LDS-010,drug,Thl,0.6562222062457297
LDS-010,drug,Dhl,1.62952316954038
LDS-010,drug,To,1.1893183366169973
LDS-010,drug,Eo,0.4362526590870409
LDS-010,drug,Toe,0.4976660143248525
LDS-010,drug,Eb,0.15379488169665612
LDS-010,drug,ve,0.9597265380832651
LDS-010,drug,Te,3.626849362768
LDS-010,drug,De,2.7536323511641503
LDS-010,drug,khe,0.27053222888813994
LDS-010,drug,kbh,0.1701251037278801
LDS-010,drug,CL,0.0
LDS-010,drug,AUC35_Cb,0.0
LDS-010,drug,AUC35_Cl,0.0
LDS-010,drug,RE_R1b,0.0
LDS-010,drug,RE_R1l,0.0
LDS-010,drug,RE_Sb,0.0
LDS-010,drug,RE_Sl,0.0
