n,r,CI95%,p-unc,BF10,power,X,Y
7,0.9999999999999999,[1. 1.],0.0,3.561e+23,1.0,AvrConBili,AvrConBili
7,0.7787080104630596,[0.06 0.97],0.039114749622465216,2.734,0.5976912030038067,AvrConBili,De
7,0.2566693779451379,[-0.62  0.85],0.5784745078455438,0.524,0.08657515202927296,AvrConBili,Eb
7,0.5916272343023471,[-0.29  0.93],0.1617403540203301,1.064,0.306149230671259,AvrConBili,RE_R1l
7,-0.030777376155316866,[-0.77  0.74],0.9477754464362391,0.458,0.04973357177270808,AvrConBili,Dhl
7,-0.7321000179074549,[-0.96  0.05],0.06138061163530355,2.015,0.5087690460567142,AvrConBili,AUC35_Cb
7,0.3363643883286826,[-0.56  0.87],0.46071766129237657,0.58,0.11626811746089435,AvrConBili,ve
7,-0.7122080886484167,[-0.95  0.09],0.07255809155930125,1.801,0.47429960381513264,AvrConBili,Thl
7,-0.5119746795454735,[-0.91  0.39],0.24012496779029494,0.833,0.22721451595032616,AvrConBili,RE_Sb
7,-0.3887885343077814,[-0.88  0.52],0.38870349902993767,0.633,0.14200556184668964,AvrConBili,kbh
7,0.3875123767124833,[-0.52  0.88],0.39039929988806776,0.631,0.1413132663979155,AvrConBili,Te
7,0.22359258379721075,[-0.64  0.84],0.6298342146979364,0.506,0.07714859037958535,AvrConBili,AvrALT
7,0.6449448141723075,[-0.21  0.94],0.11780499485817117,1.306,0.37239468963755284,AvrConBili,DR1_45min
7,-0.5206348276407042,[-0.91  0.38],0.23089057987645703,0.853,0.23476805880021367,AvrConBili,Toe
7,-0.2500757008554239,[-0.84  0.62],0.5886077957631387,0.52,0.0845696703238363,AvrConBili,CL
7,-0.6277597685379881,[-0.94  0.24],0.13119643964679986,1.218,0.34973642986314246,AvrConBili,khe
7,0.7560946231018635,[0.01 0.96],0.04923420970602892,2.339,0.5531157220500926,AvrConBili,R1_scan2
7,0.568158108115625,[-0.32  0.93],0.1832833110778038,0.983,0.28057978697701585,AvrConBili,R1_45min
7,-0.03338742370719933,[-0.77  0.74],0.9433513351422492,0.458,0.049822940578210406,AvrConBili,AvrConTotBili
7,-0.06850830464334699,[-0.78  0.72],0.8839694258646484,0.461,0.05173946078364916,AvrConBili,Eo
7,0.38361979753205605,[-0.52  0.88],0.39559015787966845,0.627,0.1392227934858582,AvrConBili,AUC35_Cl
7,0.11780202970504522,[-0.7  0.8],0.8013978109836296,0.47,0.05671785373406297,AvrConBili,AvrBili
7,0.35105949374858664,[-0.55  0.87],0.4400585770264506,0.594,0.12294286288913508,AvrConBili,CO
7,0.8131509826196236,[0.16 0.97],0.02613752220103313,3.596,0.6705586777025222,AvrConBili,AvrAlb
7,0.7946983675151268,[0.1  0.97],0.03272792615463589,3.086,0.63080333223321,AvrConBili,DR1_scan2
7,0.606715137666336,[-0.27  0.93],0.148595671455477,1.123,0.3237048963791913,AvrConBili,RE_Sl
7,-0.5254574627189187,[-0.92  0.38],0.22582164968899285,0.864,0.23907615135273444,AvrConBili,To
7,0.30193039101910635,[-0.58  0.86],0.5104675828185458,0.553,0.10214824598345384,AvrConBili,AvrALP
7,-0.6929662223492742,[-0.95  0.13],0.08432869323930661,1.629,0.44289201676557827,AvrConBili,RE_R1b
7,0.7787080104630596,[0.06 0.97],0.039114749622465216,2.734,0.5976912030038067,De,AvrConBili
8,1.0,"[np.float64(1.0), np.float64(1.0)]",0.0,inf,1.0,De,De
8,-0.09698043023748298,[-0.75  0.65],0.8192986271939342,0.44,0.0550979075212963,De,Eb
8,0.3874319989702452,[-0.44  0.86],0.342985179263322,0.638,0.16191625753880748,De,RE_R1l
8,-0.23663264536478718,[-0.81  0.56],0.5725983683926821,0.494,0.08740440069679813,De,Dhl
8,-0.29196318130983273,[-0.83  0.52],0.4828830663834425,0.534,0.10922274947792135,De,AUC35_Cb
8,0.7206586136275398,[0.03 0.95],0.04371473158807904,2.465,0.5708827126679985,De,ve
8,-0.6923608839830548,[-0.94  0.02],0.057027633053857184,2.046,0.5190285402227724,De,Thl
8,-0.011492000224802651,[-0.71  0.7 ],0.9784543966324517,0.43,0.049021928293720374,De,RE_Sb
8,-0.08723540595999335,[-0.75  0.66],0.8372615478721195,0.438,0.053912554799583894,De,kbh
8,0.7854701019708579,[0.18 0.96],0.020882233629843174,4.16,0.7003543420688497,De,Te
8,0.2756923610468148,[-0.53  0.82],0.5086725124990857,0.521,0.10220326736932599,De,AvrALT
8,0.41666891912257237,[-0.41  0.87],0.30446006670564213,0.683,0.18249675341615307,De,DR1_45min
8,-0.6079221071776246,[-0.92  0.17],0.10984614161204452,1.305,0.3844220093513712,De,Toe
8,-0.21788792806791438,[-0.8   0.58],0.6042063014731469,0.484,0.08127297690710007,De,CL
8,-0.5752407525609,[-0.91  0.22],0.13573894982701226,1.133,0.3404064586888784,De,khe
8,0.5423926336337721,[-0.26  0.9 ],0.1648682195755387,0.998,0.30045307321867404,De,R1_scan2
8,0.3836727339484472,[-0.44  0.86],0.34809398130424785,0.633,0.15943340620616642,De,R1_45min
7,-0.05322462924057937,[-0.78  0.73],0.9097709929885651,0.46,0.05074144349636735,De,AvrConTotBili
8,-0.2416806350951749,[-0.81  0.56],0.564185173644151,0.498,0.08916037583700549,De,Eo
8,0.06428392087678711,[-0.67  0.74],0.8797992970917972,0.434,0.051628762025217656,De,AUC35_Cl
8,-0.22197903449711565,[-0.8   0.57],0.5972596344290926,0.486,0.0825596529092286,De,AvrBili
8,0.4791993840757219,[-0.34  0.89],0.22957484919054444,0.809,0.23472806689673595,De,CO
8,0.6135875924274512,[-0.16  0.92],0.10567029627994594,1.339,0.3925010565508317,De,AvrAlb
8,0.5398673673771043,[-0.27  0.9 ],0.16723613515360808,0.988,0.29755241786715614,De,DR1_scan2
8,0.42419079577079805,[-0.4   0.87],0.29490186405513474,0.696,0.1881687963623323,De,RE_Sl
8,-0.34089059076936806,[-0.84  0.48],0.4086209650388492,0.581,0.13363267203475754,De,To
8,0.14948023177409714,[-0.62  0.77],0.723871625172298,0.454,0.06377134440359229,De,AvrALP
8,-0.27078214334700723,[-0.82  0.54],0.5165557466755715,0.517,0.10018640033198743,De,RE_R1b
7,0.2566693779451379,[-0.62  0.85],0.5784745078455438,0.524,0.08657515202927296,Eb,AvrConBili
8,-0.09698043023748298,[-0.75  0.65],0.8192986271939342,0.44,0.0550979075212963,Eb,De
8,1.0,"[np.float64(1.0), np.float64(1.0)]",0.0,inf,1.0,Eb,Eb
8,0.2437820824978688,[-0.56  0.81],0.5606955872099036,0.499,0.08990474171733344,Eb,RE_R1l
8,-0.21098138355737325,[-0.8   0.58],0.6159924457437811,0.48,0.07916490291176331,Eb,Dhl
8,-0.35661691557571323,[-0.85  0.46],0.3858715844345126,0.598,0.14260610295416387,Eb,AUC35_Cb
8,-0.2547203659834041,[-0.81  0.55],0.5426558058778919,0.506,0.0939079114330901,Eb,ve
8,-0.10495277348270649,[-0.75  0.65],0.8046538540244037,0.441,0.05616462760743216,Eb,Thl
8,-0.1933609011461154,[-0.79  0.59],0.6463837760926279,0.471,0.07414387746853834,Eb,RE_Sb
8,-0.9166209008007034,[-0.99 -0.6 ],0.001360034137158967,29.136,0.9537353333696292,Eb,kbh
8,-0.1880638581461062,[-0.79  0.6 ],0.6556063544540782,0.469,0.07273276045371951,Eb,Te
8,0.5199559078788479,[-0.29  0.9 ],0.18654635959456978,0.921,0.2755044529471369,Eb,AvrALT
8,0.39664340754689925,[-0.43  0.86],0.33061494319711104,0.652,0.16815466205910565,Eb,DR1_45min
8,-0.058047779293874974,[-0.73  0.67],0.8914046599071741,0.433,0.05112996051714119,Eb,Toe
8,-0.7318208590851304,[-0.95 -0.06],0.03904040133024894,2.669,0.5922035887990104,Eb,CL
8,-0.3358468969768811,[-0.84  0.48],0.41603632164067683,0.575,0.1308753248952623,Eb,khe
8,-0.11155326602215312,[-0.76  0.64],0.7925663775241664,0.443,0.05711447863338914,Eb,R1_scan2
8,0.4892434415560145,[-0.33  0.89],0.2185383644251064,0.834,0.24425446416273364,Eb,R1_45min
7,-0.06876366018085871,[-0.78  0.72],0.8835389805301456,0.461,0.05175829781534154,Eb,AvrConTotBili
8,0.7883253504044584,[0.19 0.96],0.0201059432148134,4.273,0.7063117817472181,Eb,Eo
8,0.2670716522491403,[-0.54  0.82],0.5225429854317009,0.515,0.09869290057400854,Eb,AUC35_Cl
8,-0.1761963811090564,[-0.78  0.6 ],0.6764056605870146,0.464,0.06973244122380265,Eb,AvrBili
8,-0.5021493462581661,[-0.89  0.31],0.20477086088935642,0.869,0.25698999175945464,Eb,CO
8,-0.14783121401223448,[-0.77  0.62],0.7268283888652416,0.453,0.06343853694000925,Eb,AvrAlb
8,-0.045803770563459856,[-0.73  0.68],0.9142379741430522,0.432,0.050300313531483294,Eb,DR1_scan2
8,0.18266966413863084,[-0.6   0.79],0.6650373068148825,0.467,0.07134157701423444,Eb,RE_Sl
8,-0.5614368858810893,[-0.91  0.24],0.14760119428190854,1.072,0.32310701889177923,Eb,To
8,0.2549922644173851,[-0.55  0.81],0.5422100716088807,0.506,0.09401019824959286,Eb,AvrALP
8,-0.6521993643558073,[-0.93  0.1 ],0.07965184129891945,1.624,0.4511926231944489,Eb,RE_R1b
7,0.5916272343023472,[-0.29  0.93],0.1617403540203301,1.064,0.30614923067125915,RE_R1l,AvrConBili
8,0.3874319989702452,[-0.44  0.86],0.342985179263322,0.638,0.16191625753880748,RE_R1l,De
8,0.24378208249786876,[-0.56  0.81],0.560695587209904,0.499,0.08990474171733338,RE_R1l,Eb
8,1.0,"[np.float64(1.0), np.float64(1.0)]",0.0,inf,1.0,RE_R1l,RE_R1l
8,0.22244022859364462,[-0.57  0.8 ],0.5964781838407509,0.486,0.0827064868553194,RE_R1l,Dhl
8,-0.08474881196539955,[-0.74  0.66],0.8418552088264434,0.437,0.053630822027519426,RE_R1l,AUC35_Cb
8,-0.17380694801516278,[-0.78  0.6 ],0.6806156291746861,0.463,0.06915495808196706,RE_R1l,ve
8,-0.10332751697368037,[-0.75  0.65],0.8076354689180982,0.441,0.05594003629175728,RE_R1l,Thl
8,-0.6286757427510529,[-0.92  0.14],0.09499801303877183,1.44,0.41467769112240205,RE_R1l,RE_Sb
8,-0.08500596122944333,[-0.75  0.66],0.8413799759897154,0.437,0.05365956815344593,RE_R1l,kbh
8,0.21656766512761677,[-0.58  0.8 ],0.6064536793367915,0.483,0.08086379783676949,RE_R1l,Te
8,0.22830354899727193,[-0.57  0.8 ],0.5865729463908043,0.49,0.08460502178819462,RE_R1l,AvrALT
8,0.8882940950119134,[0.49 0.98],0.0031992984013702727,15.872,0.9089044381899201,RE_R1l,DR1_45min
8,0.024093165147483095,[-0.69  0.72],0.9548427943229837,0.43,0.049313060153198696,RE_R1l,Toe
8,0.1482992650725689,[-0.62  0.77],0.7259888509725776,0.454,0.06353259121053861,RE_R1l,CL
8,0.12636559122218116,[-0.63  0.76],0.7655747321274347,0.447,0.05946876382147242,RE_R1l,khe
8,0.7058435155709895,[0.   0.94],0.05041953559940662,2.23,0.5433302005242937,RE_R1l,R1_scan2
8,0.9140791542470448,[0.59 0.98],0.0014853223997350364,27.374,0.9501943451336564,RE_R1l,R1_45min
7,0.5735487353398206,[-0.32  0.93],0.17821808398259859,1.001,0.2862715238382059,RE_R1l,AvrConTotBili
8,0.05311982528606732,[-0.68  0.73],0.9005875302999361,0.432,0.050772253351393126,RE_R1l,Eo
8,0.9305807454356098,[0.66 0.99],0.0007933954566315302,42.632,0.9711129644521136,RE_R1l,AUC35_Cl
8,-0.3314319350117313,[-0.84  0.49],0.4225739841028123,0.57,0.1285087275441444,RE_R1l,AvrBili
8,-0.33766071754594534,[-0.84  0.48],0.4133630211045468,0.577,0.13186029316764586,RE_R1l,CO
8,0.3912140587352093,[-0.43  0.86],0.3378806178892246,0.644,0.1644508996667066,RE_R1l,AvrAlb
8,0.7439240910778854,[0.08 0.95],0.03433067085823992,2.923,0.6158350467270749,RE_R1l,DR1_scan2
8,0.995098798911219,[0.97 1.  ],2.9325793928478577e-07,9565.541,0.9999995399990675,RE_R1l,RE_Sl
8,0.1965990556439875,[-0.59  0.79],0.6407651163509657,0.473,0.07502867281165422,RE_R1l,To
8,0.7718766837581872,[0.15 0.96],0.024832808516846765,3.677,0.6722085390477099,RE_R1l,AvrALP
8,-0.10473336119239982,[-0.75  0.65],0.8050562575417535,0.441,0.056134093606567737,RE_R1l,RE_R1b
7,-0.030777376155316852,[-0.77  0.74],0.9477754464362391,0.458,0.04973357177270808,Dhl,AvrConBili
8,-0.23663264536478718,[-0.81  0.56],0.5725983683926821,0.494,0.08740440069679813,Dhl,De
8,-0.21098138355737328,[-0.8   0.58],0.6159924457437811,0.48,0.07916490291176331,Dhl,Eb
8,0.22244022859364462,[-0.57  0.8 ],0.5964781838407509,0.486,0.0827064868553194,Dhl,RE_R1l
8,0.9999999999999999,[1. 1.],0.0,1.893e+31,1.0,Dhl,Dhl
8,0.1979823620235858,[-0.59  0.79],0.638369400403524,0.474,0.07541180843477649,Dhl,AUC35_Cb
8,-0.5681744501818188,[-0.91  0.23],0.14174263036524815,1.101,0.33145697454391126,Dhl,ve
8,-0.19700640039374423,[-0.79  0.59],0.640059362959064,0.473,0.07514117377129934,Dhl,Thl
8,-0.6875585389906266,[-0.94  0.03],0.05949962014391925,1.987,0.5105552608563081,Dhl,RE_Sb
8,0.4449935799822477,[-0.38  0.88],0.2692403287452248,0.734,0.2047003512048656,Dhl,kbh
8,-0.6122832075002348,[-0.92  0.16],0.10662354874852051,1.331,0.3906290528262943,Dhl,Te
8,-0.10607142865863514,[-0.75  0.65],0.8026028176631995,0.442,0.05632134134341585,Dhl,AvrALT
8,0.04640443604867986,[-0.68  0.73],0.913116509215351,0.432,0.05033640550617766,Dhl,DR1_45min
8,0.3041818755936395,[-0.51  0.83],0.46386357402600625,0.544,0.1148432466184781,Dhl,Toe
8,0.597795364493296,[-0.18  0.92],0.11754016011564958,1.247,0.3703147987801846,Dhl,CL
8,0.10436044199054476,[-0.65  0.75],0.8057402794608706,0.441,0.05608235034734911,Dhl,khe
8,0.07843495856417343,[-0.66  0.74],0.8535365084959718,0.436,0.05295308276943153,Dhl,R1_scan2
8,0.009523492643038936,[-0.7   0.71],0.9821445309541438,0.43,0.04899508318541245,Dhl,R1_45min
7,-0.21304660841371773,[-0.83  0.64],0.6464727567055599,0.502,0.07446693484089266,Dhl,AvrConTotBili
8,-0.5194886425949867,[-0.9   0.29],0.18701310293447232,0.92,0.2750043183882315,Dhl,Eo
8,0.4354391639358378,[-0.39  0.87],0.2808841904117525,0.716,0.19695108911832865,Dhl,AUC35_Cl
8,0.3845438645693145,[-0.44  0.86],0.3469070287509302,0.634,0.16000553311523874,Dhl,AvrBili
8,-0.06314032241493905,[-0.74  0.67],0.8819261710741555,0.434,0.05153342183627396,Dhl,CO
8,-0.06915888509745893,[-0.74  0.67],0.8707399766284163,0.435,0.05205472806157523,Dhl,AvrAlb
8,0.09870503816479331,[-0.65  0.75],0.8161266051028344,0.44,0.05532123310493961,Dhl,DR1_scan2
8,0.19499751845767455,[-0.59  0.79],0.6435421680381824,0.472,0.07458895640642418,Dhl,RE_Sl
8,0.3148646489714395,[-0.5   0.83],0.44748777022169967,0.554,0.12001080043348693,Dhl,To
8,0.3427738433774423,[-0.48  0.84],0.4058668675728169,0.583,0.13467706670414828,Dhl,AvrALP
8,0.14439011754688352,[-0.62  0.77],0.733007892158525,0.452,0.06275696781202669,Dhl,RE_R1b
7,-0.7321000179074548,[-0.96  0.05],0.061380611635303686,2.015,0.508769046056714,AUC35_Cb,AvrConBili
8,-0.2919631813098327,[-0.83  0.52],0.4828830663834425,0.534,0.10922274947792135,AUC35_Cb,De
8,-0.3566169155757133,[-0.85  0.46],0.3858715844345126,0.598,0.14260610295416393,AUC35_Cb,Eb
8,-0.08474881196539957,[-0.74  0.66],0.8418552088264434,0.437,0.05363082202751944,AUC35_Cb,RE_R1l
8,0.19798236202358574,[-0.59  0.79],0.6383694004035243,0.474,0.07541180843477643,AUC35_Cb,Dhl
8,1.0,"[np.float64(1.0), np.float64(1.0)]",0.0,inf,1.0,AUC35_Cb,AUC35_Cb
8,-0.29182582366139465,[-0.83  0.52],0.4830985946075652,0.534,0.10916129133473214,AUC35_Cb,ve
8,0.31117275222047613,[-0.5   0.83],0.45312001623302384,0.551,0.11819774104438065,AUC35_Cb,Thl
8,0.2604956876548053,[-0.54  0.82],0.5332166671576343,0.51,0.09610990898661455,AUC35_Cb,RE_Sb
8,0.5151195856668611,[-0.3   0.89],0.1914073141980085,0.906,0.2703655618096126,AUC35_Cb,kbh
8,-0.04982902121429966,[-0.73  0.68],0.9067251225746528,0.432,0.05055124595839627,AUC35_Cb,Te
8,0.32245044740821627,[-0.49  0.84],0.4360063944531481,0.561,0.12382764856726142,AUC35_Cb,AvrALT
8,-0.33276426415351484,[-0.84  0.49],0.42059651153962163,0.572,0.12921831686722487,AUC35_Cb,DR1_45min
8,0.5521828527351467,[-0.25  0.9 ],0.15586124523479816,1.035,0.3119258179390794,AUC35_Cb,Toe
8,0.23991832887689715,[-0.56  0.81],0.5671174077097603,0.496,0.08854221110984375,AUC35_Cb,CL
8,0.6040031175178417,[-0.18  0.92],0.11278867496983813,1.282,0.37891204572797355,AUC35_Cb,khe
8,-0.4430633779734954,[-0.87  0.38],0.27157303725200815,0.73,0.20311304590714307,AUC35_Cb,R1_scan2
8,-0.2123715453663465,[-0.8   0.58],0.6136142432919889,0.481,0.0795827955516165,AUC35_Cb,R1_45min
7,0.2871176195061783,[-0.59  0.86],0.532413912469302,0.543,0.09669371703459377,AUC35_Cb,AvrConTotBili
8,-0.2846899071959965,[-0.82  0.53],0.49434720038626523,0.528,0.10602036423888735,AUC35_Cb,Eo
8,-0.021725630881444732,[-0.72  0.69],0.9592772584869234,0.43,0.04924260646760387,AUC35_Cb,AUC35_Cl
8,-0.2900295823345942,[-0.83  0.52],0.485920553128898,0.532,0.10836108531067577,AUC35_Cb,AvrBili
8,-0.4919043053582832,[-0.89  0.33],0.21566167412490936,0.841,0.24683420549480828,AUC35_Cb,CO
8,-0.6405473845789058,[-0.93  0.12],0.0870573504446231,1.528,0.4328085774290507,AUC35_Cb,AvrAlb
8,-0.5098900460973019,[-0.89  0.3 ],0.19673818485444686,0.891,0.2649019510687283,AUC35_Cb,DR1_scan2
8,-0.10813689930524222,[-0.76  0.65],0.798818404380957,0.442,0.05661526581169768,AUC35_Cb,RE_Sl
8,0.781639793458891,[0.17 0.96],0.02195254302909119,4.014,0.6923851400772665,AUC35_Cb,To
8,-0.03061191035673627,[-0.72  0.69],0.9426385156082996,0.431,0.049544781292359855,AUC35_Cb,AvrALP
8,0.8554814140192306,[0.38 0.97],0.006751649174375906,9.316,0.8464351999412009,AUC35_Cb,RE_R1b
7,0.3363643883286826,[-0.56  0.87],0.46071766129237657,0.58,0.11626811746089435,ve,AvrConBili
8,0.7206586136275399,[0.03 0.95],0.04371473158807893,2.465,0.5708827126679987,ve,De
8,-0.2547203659834041,[-0.81  0.55],0.5426558058778919,0.506,0.0939079114330901,ve,Eb
8,-0.17380694801516267,[-0.78  0.6 ],0.6806156291746861,0.463,0.06915495808196706,ve,RE_R1l
8,-0.5681744501818188,[-0.91  0.23],0.14174263036524815,1.101,0.33145697454391126,ve,Dhl
8,-0.29182582366139465,[-0.83  0.52],0.4830985946075652,0.534,0.10916129133473214,ve,AUC35_Cb
8,1.0,"[np.float64(1.0), np.float64(1.0)]",0.0,inf,1.0,ve,ve
8,-0.32759583391698344,[-0.84  0.49],0.4282895040417199,0.567,0.12648766039202883,ve,Thl
8,0.5789851812450598,[-0.21  0.91],0.13261602754782154,1.151,0.34522932552476804,ve,RE_Sb
8,-0.061696664946882224,[-0.73  0.67],0.8846119767801868,0.434,0.051415549681915924,ve,kbh
8,0.8558410938628096,[0.38 0.97],0.006703267512205414,9.364,0.8471587993518921,ve,Te
8,-0.10187113608836659,[-0.75  0.65],0.8103089943425805,0.441,0.05574188879743448,ve,AvrALT
8,0.03130532982214948,[-0.69  0.72],0.9413408452637954,0.431,0.04957269144468672,ve,DR1_45min
8,-0.6934523147989308,[-0.94  0.02],0.05647453187078557,2.06,0.5209677536648083,ve,Toe
8,-0.28715202432505865,[-0.82  0.52],0.49045468168812106,0.53,0.10709262076485661,ve,CL
8,-0.499590360701603,[-0.89  0.32],0.2074635274008946,0.861,0.25441984595785905,ve,khe
8,0.25102371802029366,[-0.55  0.81],0.5487289259323462,0.504,0.09253069754589796,ve,R1_scan2
8,-0.053379989374699274,[-0.73  0.68],0.9001024851256808,0.433,0.05079033527543169,ve,R1_45min
7,-0.2588371809045499,[-0.85  0.61],0.5751549210761594,0.525,0.0872486121906456,ve,AvrConTotBili
8,-0.12779152418504158,[-0.76  0.63],0.7629867639356704,0.447,0.05971183123485483,ve,Eo
8,-0.4278076996307061,[-0.87  0.4 ],0.29035825340122995,0.702,0.19095311324368663,ve,AUC35_Cl
8,-0.22908167122835815,[-0.8   0.57],0.5852625866800856,0.49,0.08486142942450392,ve,AvrBili
8,0.7310634214612337,[0.05 0.95],0.03934747315019256,2.655,0.5907421034892791,ve,CO
8,0.2795206243907753,[-0.53  0.82],0.502558251014671,0.524,0.1038080302313828,ve,AvrAlb
8,0.25889304011297043,[-0.55  0.81],0.5358299812315066,0.509,0.0954926618337083,ve,DR1_scan2
8,-0.10314994729878135,[-0.75  0.65],0.807961352705506,0.441,0.05591572000202051,ve,RE_Sl
8,-0.3821455033427026,[-0.86  0.44],0.3501793905730572,0.631,0.15843504538515588,ve,To
8,-0.2424776362455934,[-0.81  0.56],0.562860812482538,0.498,0.08944175732095953,ve,AvrALP
8,-0.07455806260326235,[-0.74  0.67],0.8607208450932964,0.435,0.05256357217401446,ve,RE_R1b
7,-0.7122080886484167,[-0.95  0.09],0.07255809155930125,1.801,0.47429960381513264,Thl,AvrConBili
8,-0.6923608839830548,[-0.94  0.02],0.057027633053857184,2.046,0.5190285402227724,Thl,De
8,-0.10495277348270649,[-0.75  0.65],0.8046538540244037,0.441,0.05616462760743216,Thl,Eb
8,-0.10332751697368028,[-0.75  0.65],0.8076354689180987,0.441,0.05594003629175728,Thl,RE_R1l
8,-0.1970064003937442,[-0.79  0.59],0.640059362959064,0.473,0.07514117377129934,Thl,Dhl
8,0.31117275222047613,[-0.5   0.83],0.45312001623302384,0.551,0.11819774104438065,Thl,AUC35_Cb
8,-0.3275958339169835,[-0.84  0.49],0.4282895040417199,0.567,0.12648766039202883,Thl,ve
8,1.0,"[np.float64(1.0), np.float64(1.0)]",0.0,inf,1.0,Thl,Thl
8,0.3025842409815695,[-0.51  0.83],0.4663330839651445,0.543,0.11409094307354839,Thl,RE_Sb
8,0.23063518742709702,[-0.57  0.8 ],0.5826494130250273,0.491,0.08537648572509184,Thl,kbh
8,-0.19070804098811095,[-0.79  0.59],0.6509977850650057,0.47,0.07343156097852215,Thl,Te
8,-0.4457125972772148,[-0.88  0.38],0.26837392226311163,0.736,0.20529448071613698,Thl,AvrALT
8,-0.06799138764919543,[-0.74  0.67],0.8729084939586031,0.434,0.05194982664465336,Thl,DR1_45min
8,0.38050471747242054,[-0.44  0.86],0.3524262185421744,0.629,0.1573690548611105,Thl,Toe
8,0.33112277266493195,[-0.49  0.84],0.4230334116286768,0.57,0.1283446349941321,Thl,CL
8,0.8542360173646122,[0.38 0.97],0.006920893613242175,9.152,0.8439249048051861,Thl,khe
8,-0.20484844101404243,[-0.79  0.58],0.6265189444048594,0.477,0.07735959148126904,Thl,R1_scan2
8,-0.06235632759777754,[-0.73  0.67],0.8833846082571949,0.434,0.0514690662998898,Thl,R1_45min
7,0.6038219238807828,[-0.27  0.93],0.15107311201333753,1.112,0.32026837611366116,Thl,AvrConTotBili
8,0.3516731655759133,[-0.47  0.85],0.3929617551951171,0.593,0.13972299665990484,Thl,Eo
8,0.0774426427409019,[-0.66  0.74],0.8553745648459208,0.436,0.05285145936358625,Thl,AUC35_Cl
8,-0.2898100037022158,[-0.83  0.52],0.4862659604771743,0.532,0.10826370925792565,Thl,AvrBili
8,-0.41270331412689265,[-0.87  0.41],0.30955815972556616,0.677,0.17956991389824473,Thl,CO
8,-0.3943967811543416,[-0.86  0.43],0.3336125024856455,0.648,0.1666127000642963,Thl,AvrAlb
8,-0.17455212650607718,[-0.78  0.6 ],0.6793019121171581,0.463,0.06933410546279882,Thl,DR1_scan2
8,-0.08834584170729035,[-0.75  0.66],0.835211451374871,0.438,0.05404108168386563,Thl,RE_Sl
8,0.5741906628877526,[-0.22  0.91],0.13662201074032929,1.128,0.33906398256447284,Thl,To
8,0.06590460500652925,[-0.67  0.74],0.8767862133461697,0.434,0.05176685827151614,Thl,AvrALP
8,0.5379191332321565,[-0.27  0.9 ],0.16907547636243303,0.981,0.29533083667030574,Thl,RE_R1b
7,-0.5119746795454735,[-0.91  0.39],0.24012496779029494,0.833,0.22721451595032616,RE_Sb,AvrConBili
8,-0.011492000224802595,[-0.71  0.7 ],0.9784543966324517,0.43,0.04902192829372037,RE_Sb,De
8,-0.1933609011461154,[-0.79  0.59],0.6463837760926279,0.471,0.07414387746853834,RE_Sb,Eb
8,-0.6286757427510529,[-0.92  0.14],0.09499801303877183,1.44,0.41467769112240205,RE_Sb,RE_R1l
8,-0.6875585389906266,[-0.94  0.03],0.05949962014391925,1.987,0.5105552608563081,RE_Sb,Dhl
8,0.26049568765480535,[-0.54  0.82],0.5332166671576343,0.51,0.09610990898661455,RE_Sb,AUC35_Cb
8,0.5789851812450598,[-0.21  0.91],0.13261602754782154,1.151,0.34522932552476804,RE_Sb,ve
8,0.30258424098156955,[-0.51  0.83],0.4663330839651445,0.543,0.11409094307354839,RE_Sb,Thl
8,1.0,"[np.float64(1.0), np.float64(1.0)]",0.0,inf,1.0,RE_Sb,RE_Sb
8,0.018982923299660406,[-0.69  0.71],0.9644155685419529,0.43,0.04917010790189151,RE_Sb,kbh
8,0.4635222495267475,[-0.36  0.88],0.24735826676769374,0.773,0.22051204293379872,RE_Sb,Te
8,-0.031887776211842245,[-0.72  0.69],0.9402509378091708,0.431,0.04959661998891651,RE_Sb,AvrALT
8,-0.42731067331726014,[-0.87  0.4 ],0.2909805967727715,0.701,0.19056828859765357,RE_Sb,DR1_45min
8,-0.27199403066142624,[-0.82  0.54],0.5146058471837593,0.518,0.10067987983670176,RE_Sb,Toe
8,-0.3166349071338201,[-0.83  0.5 ],0.44479738675020275,0.556,0.12089045283838959,RE_Sb,CL
8,0.042816225564332386,[-0.68  0.73],0.9198176380488763,0.431,0.05012784488454763,RE_Sb,khe
8,-0.5002469008011956,[-0.89  0.32],0.2067709325409469,0.863,0.2550771111229851,RE_Sb,R1_scan2
8,-0.4208479819414638,[-0.87  0.4 ],0.29913151092009055,0.69,0.18562845644381742,RE_Sb,R1_45min
7,-0.12037530409953881,[-0.8  0.7],0.7971218903378927,0.471,0.05705318021406433,RE_Sb,AvrConTotBili
8,0.20554992309086553,[-0.58  0.8 ],0.6253120977680231,0.477,0.07756293467400728,RE_Sb,Eo
8,-0.718685926880984,[-0.94 -0.03],0.044574306173481036,2.432,0.5671640407191786,RE_Sb,AUC35_Cl
8,-0.4199030962014841,[-0.87  0.4 ],0.3003323375241307,0.688,0.18491610373748235,RE_Sb,AvrBili
8,0.1968774310443672,[-0.59  0.79],0.6402827859432959,0.473,0.07510552583363847,RE_Sb,CO
8,-0.4256476033834675,[-0.87  0.4 ],0.29306768562000035,0.698,0.1892857772507986,RE_Sb,AvrAlb
8,-0.4913475109920304,[-0.89  0.33],0.21626199403724836,0.839,0.2462924263190427,RE_Sb,DR1_scan2
8,-0.5937161636321587,[-0.92  0.19],0.12072287009609568,1.225,0.3647520918481989,RE_Sb,RE_Sl
8,-0.02556984723872959,[-0.72  0.69],0.9520774298322603,0.43,0.049360699526478535,RE_Sb,To
8,-0.43322426267759745,[-0.87  0.39],0.28361806301109,0.712,0.19519292467272994,RE_Sb,AvrALP
8,0.3782200244879719,[-0.45  0.86],0.3555657279011992,0.626,0.1558960658718665,RE_Sb,RE_R1b
7,-0.3887885343077813,[-0.88  0.52],0.38870349902993817,0.633,0.14200556184668964,kbh,AvrConBili
8,-0.0872354059599933,[-0.75  0.66],0.8372615478721195,0.438,0.053912554799583894,kbh,De
8,-0.9166209008007034,[-0.99 -0.6 ],0.001360034137158967,29.136,0.9537353333696292,kbh,Eb
8,-0.0850059612294433,[-0.75  0.66],0.8413799759897154,0.437,0.053659568153445886,kbh,RE_R1l
8,0.44499357998224764,[-0.38  0.88],0.2692403287452248,0.734,0.20470035120486554,kbh,Dhl
8,0.5151195856668612,[-0.3   0.89],0.1914073141980085,0.906,0.2703655618096127,kbh,AUC35_Cb
8,-0.06169666494688224,[-0.73  0.67],0.8846119767801868,0.434,0.05141554968191596,kbh,ve
8,0.230635187427097,[-0.57  0.8 ],0.5826494130250276,0.491,0.08537648572509184,kbh,Thl
8,0.018982923299660337,[-0.69  0.71],0.9644155685419529,0.43,0.049170107901891524,kbh,RE_Sb
8,0.9999999999999998,[1. 1.],2.7369110631344074e-47,4.733e+30,1.0,kbh,kbh
8,-0.047794677979897573,[-0.73  0.68],0.9105213588576331,0.432,0.05042176063818393,kbh,Te
8,-0.4461735123527789,[-0.88  0.38],0.2678192539438518,0.737,0.20567615258333363,kbh,AvrALT
8,-0.2607842450963021,[-0.82  0.54],0.5327466349366081,0.51,0.09622155256042442,kbh,DR1_45min
8,0.16784296106537958,[-0.61  0.78],0.6911549312176866,0.461,0.06775199155135163,kbh,Toe
8,0.8835399300508671,[0.47 0.98],0.0036119754505580903,14.558,0.9004050110542928,kbh,CL
8,0.5409807344756847,[-0.26  0.9 ],0.16618988677005442,0.992,0.29882835098604077,kbh,khe
8,0.0110279598852603,[-0.7   0.71],0.979324251623044,0.43,0.049015146792714334,kbh,R1_scan2
8,-0.33090798572919533,[-0.84  0.49],0.42335271797208235,0.57,0.12823075874016268,kbh,R1_45min
7,0.2122801855772546,[-0.64  0.83],0.6476866159404169,0.501,0.07427795600263194,kbh,AvrConTotBili
8,-0.695515742008831,[-0.94  0.02],0.05543763936281913,2.087,0.5246475603830594,kbh,Eo
8,-0.0331466941367094,[-0.72  0.69],0.9378954564679192,0.431,0.049649853518611585,kbh,AUC35_Cl
8,0.04633976537173442,[-0.68  0.73],0.9132372457977651,0.432,0.050332496873663465,kbh,AvrBili
8,0.21937953218725761,[-0.57  0.8 ],0.601670528302851,0.485,0.08173880405744983,kbh,CO
8,0.035165738380756276,[-0.69  0.72],0.9341185790913193,0.431,0.04973955283208677,kbh,AvrAlb
8,-0.00907560947349939,[-0.71  0.7 ],0.9829841666239589,0.43,0.04898967784905268,kbh,DR1_scan2
8,-0.046791747442041565,[-0.73  0.68],0.912393450700762,0.432,0.05035992933731616,kbh,RE_Sl
8,0.7381522811219395,[0.07 0.95],0.03653060168224139,2.797,0.6045013156920536,kbh,To
8,0.03628548544631957,[-0.69  0.72],0.9320244096910038,0.431,0.04979159694043806,kbh,AvrALP
8,0.7579389807806233,[0.11 0.95],0.02933241508398212,3.267,0.6438120926303127,kbh,RE_R1b
7,0.3875123767124833,[-0.52  0.88],0.39039929988806776,0.631,0.1413132663979155,Te,AvrConBili
8,0.7854701019708579,[0.18 0.96],0.020882233629843174,4.16,0.7003543420688497,Te,De
8,-0.18806385814610624,[-0.79  0.6 ],0.6556063544540782,0.469,0.07273276045371954,Te,Eb
8,0.21656766512761677,[-0.58  0.8 ],0.6064536793367915,0.483,0.08086379783676949,Te,RE_R1l
8,-0.6122832075002349,[-0.92  0.16],0.10662354874852051,1.331,0.3906290528262945,Te,Dhl
8,-0.04982902121429966,[-0.73  0.68],0.9067251225746528,0.432,0.05055124595839627,Te,AUC35_Cb
8,0.8558410938628096,[0.38 0.97],0.006703267512205414,9.364,0.8471587993518921,Te,ve
8,-0.19070804098811106,[-0.79  0.59],0.6509977850650057,0.47,0.07343156097852215,Te,Thl
8,0.4635222495267475,[-0.36  0.88],0.24735826676769374,0.773,0.22051204293379872,Te,RE_Sb
8,-0.04779467797989752,[-0.73  0.68],0.9105213588576333,0.432,0.05042176063818393,Te,kbh
8,1.0,"[np.float64(1.0), np.float64(1.0)]",0.0,inf,1.0,Te,Te
8,0.12720556355561585,[-0.63  0.76],0.7640500104917582,0.447,0.059611595390502245,Te,AvrALT
8,0.2900366508556726,[-0.52  0.83],0.48590943561372524,0.532,0.10836422157622713,Te,DR1_45min
8,-0.4660261288312977,[-0.88  0.36],0.24447270843878866,0.778,0.22273013565540778,Te,Toe
8,-0.26176578236926884,[-0.82  0.54],0.5311489425479703,0.511,0.09660247469121401,Te,CL
8,-0.21590170252029844,[-0.8   0.58],0.6075883189364469,0.483,0.08065851649495519,Te,khe
8,0.41874214799452525,[-0.41  0.87],0.30181092190179104,0.686,0.18404428685536686,Te,R1_scan2
8,0.27605668477185896,[-0.53  0.82],0.5080894269164652,0.521,0.10235476356395438,Te,R1_45min
7,0.19076355264254802,[-0.66  0.83],0.6820100029313985,0.492,0.0692920386515822,Te,AvrConTotBili
8,-0.07204969357962443,[-0.74  0.67],0.8653736231467429,0.435,0.052322314703192874,Te,Eo
8,-0.08001730760529835,[-0.74  0.66],0.850606733582666,0.436,0.05311787722392798,Te,AUC35_Cl
8,-0.4881064341906011,[-0.89  0.33],0.21977362453736896,0.831,0.24315932685031544,Te,AvrBili
8,0.3637591003691061,[-0.46  0.85],0.37572938813627854,0.607,0.14687405183022081,Te,CO
8,0.2783860489126363,[-0.53  0.82],0.5043673849596984,0.523,0.10332945970272034,Te,AvrAlb
8,0.39951204137963753,[-0.42  0.86],0.326805869189732,0.656,0.17014290678349625,Te,DR1_scan2
8,0.2777150371102509,[-0.53  0.82],0.5054385121606124,0.523,0.1030476023200372,Te,RE_Sl
8,-0.07848172972915435,[-0.74  0.66],0.8534498889004103,0.436,0.052957905356441876,Te,To
8,-0.011258661969833092,[-0.71  0.7 ],0.9788917926381007,0.43,0.04901848332889774,Te,AvrALP
8,0.10140039407919357,[-0.65  0.75],0.8111734946944822,0.441,0.05567846928514564,Te,RE_R1b
7,0.22359258379721064,[-0.64  0.84],0.6298342146979368,0.506,0.07714859037958531,AvrALT,AvrConBili
8,0.2756923610468149,[-0.53  0.82],0.5086725124990857,0.521,0.10220326736932599,AvrALT,De
8,0.5199559078788479,[-0.29  0.9 ],0.18654635959456978,0.921,0.2755044529471369,AvrALT,Eb
8,0.22830354899727195,[-0.57  0.8 ],0.5865729463908043,0.49,0.08460502178819462,AvrALT,RE_R1l
8,-0.10607142865863516,[-0.75  0.65],0.8026028176631995,0.442,0.05632134134341585,AvrALT,Dhl
8,0.32245044740821627,[-0.49  0.84],0.4360063944531481,0.561,0.12382764856726142,AvrALT,AUC35_Cb
8,-0.10187113608836657,[-0.75  0.65],0.8103089943425805,0.441,0.05574188879743448,AvrALT,ve
8,-0.4457125972772148,[-0.88  0.38],0.26837392226311163,0.736,0.20529448071613698,AvrALT,Thl
8,-0.03188777621184226,[-0.72  0.69],0.9402509378091707,0.431,0.04959661998891651,AvrALT,RE_Sb
8,-0.44617351235277886,[-0.88  0.38],0.2678192539438518,0.737,0.20567615258333352,AvrALT,kbh
8,0.1272055635556158,[-0.63  0.76],0.7640500104917585,0.447,0.05961159539050219,AvrALT,Te
8,0.9999999999999997,[1. 1.],2.1895288505075263e-46,2.103e+30,1.0,AvrALT,AvrALT
8,0.11727385462046075,[-0.64  0.76],0.7821193114000846,0.444,0.057986994210188984,AvrALT,DR1_45min
8,0.08212033769306834,[-0.66  0.74],0.8467152150897981,0.437,0.05334212923502207,AvrALT,Toe
8,-0.6355218867523864,[-0.93  0.13],0.09036989482028134,1.489,0.4250597281054093,AvrALT,CL
8,-0.2825178609222429,[-0.82  0.53],0.49779100520417713,0.526,0.10508438369281149,AvrALT,khe
8,-0.2704254540291039,[-0.82  0.54],0.5171301787217932,0.517,0.1000416914786726,AvrALT,R1_scan2
8,0.29652132148739424,[-0.52  0.83],0.47575240075587255,0.538,0.11128382178982768,AvrALT,R1_45min
7,-0.04131365248380788,[-0.77  0.73],0.929923604789396,0.459,0.050139131070762705,AvrALT,AvrConTotBili
8,0.22089853974062446,[-0.57  0.8 ],0.5990917497128753,0.485,0.08221706741655198,AvrALT,Eo
8,0.08711483530340836,[-0.66  0.75],0.8374841948703791,0.438,0.05389870032739644,AvrALT,AUC35_Cl
8,-0.31399703296064063,[-0.83  0.5 ],0.44880878235996935,0.553,0.11958211882901659,AvrALT,AvrBili
8,-0.5254650053731331,[-0.9   0.28],0.1810902952925561,0.939,0.2814601728076856,AvrALT,CO
8,-0.22638564440961698,[-0.8   0.57],0.5898068922279132,0.488,0.08397750013931593,AvrALT,AvrAlb
8,-0.3049123025338501,[-0.83  0.51],0.46273629091691226,0.545,0.11518895761144748,AvrALT,DR1_scan2
8,0.15995843873008891,[-0.61  0.78],0.7051546679794489,0.458,0.06598061542477687,AvrALT,RE_Sl
8,-0.16589526104195437,[-0.78  0.61],0.6946063196199259,0.46,0.06730562421086846,AvrALT,To
8,0.10762907963116397,[-0.65  0.76],0.7997485312822366,0.442,0.05654245081171443,AvrALT,AvrALP
8,-0.15596140736657121,[-0.78  0.62],0.7122797568368145,0.456,0.06511850087655281,AvrALT,RE_R1b
7,0.6449448141723075,[-0.21  0.94],0.11780499485817117,1.306,0.37239468963755284,DR1_45min,AvrConBili
8,0.41666891912257237,[-0.41  0.87],0.30446006670564213,0.683,0.18249675341615307,DR1_45min,De
8,0.39664340754689936,[-0.43  0.86],0.33061494319711077,0.652,0.1681546620591058,DR1_45min,Eb
8,0.8882940950119134,[0.49 0.98],0.0031992984013702727,15.872,0.9089044381899201,DR1_45min,RE_R1l
8,0.04640443604867991,[-0.68  0.73],0.913116509215351,0.432,0.05033640550617766,DR1_45min,Dhl
8,-0.33276426415351484,[-0.84  0.49],0.42059651153962163,0.572,0.12921831686722487,DR1_45min,AUC35_Cb
8,0.0313053298221494,[-0.69  0.72],0.9413408452637957,0.431,0.04957269144468672,DR1_45min,ve
8,-0.06799138764919543,[-0.74  0.67],0.8729084939586031,0.434,0.05194982664465336,DR1_45min,Thl
8,-0.42731067331726014,[-0.87  0.4 ],0.2909805967727715,0.701,0.19056828859765357,DR1_45min,RE_Sb
8,-0.2607842450963021,[-0.82  0.54],0.5327466349366081,0.51,0.09622155256042442,DR1_45min,kbh
8,0.29003665085567265,[-0.52  0.83],0.48590943561372524,0.532,0.10836422157622713,DR1_45min,Te
8,0.11727385462046075,[-0.64  0.76],0.7821193114000846,0.444,0.057986994210188984,DR1_45min,AvrALT
8,1.0,"[np.float64(1.0), np.float64(1.0)]",0.0,inf,1.0,DR1_45min,DR1_45min
8,-0.3455571918828096,[-0.84  0.47],0.40181119963348816,0.586,0.13623552333871924,DR1_45min,Toe
8,0.0014954330336541533,[-0.7   0.71],0.9971960672422289,0.43,0.04893768745488585,DR1_45min,CL
8,-0.0460996245559567,[-0.73  0.68],0.9136855881156227,0.432,0.05031803112210742,DR1_45min,khe
8,0.6228203701296723,[-0.15  0.92],0.0990623676857461,1.399,0.40595680232514836,DR1_45min,R1_scan2
8,0.9765624466062033,[0.87 1.  ],3.162359665185946e-05,400.337,0.9991697304336893,DR1_45min,R1_45min
7,0.4483712886380485,[-0.46  0.9 ],0.31296770590886164,0.713,0.17839876427841167,DR1_45min,AvrConTotBili
8,0.33480066515191353,[-0.48  0.84],0.41758165642500344,0.574,0.1303105543483815,DR1_45min,Eo
8,0.8135599908688637,[0.26 0.97],0.01402058723425768,5.526,0.7593637245520913,DR1_45min,AUC35_Cl
8,-0.5122319274736261,[-0.89  0.3 ],0.19434134301711864,0.898,0.267336762232315,DR1_45min,AvrBili
8,-0.1820659990035392,[-0.79  0.6 ],0.6660951431755342,0.466,0.07118874453933585,DR1_45min,CO
8,0.3824169297803958,[-0.44  0.86],0.3498083444972377,0.631,0.15861204500140116,DR1_45min,AvrAlb
8,0.7499308992829655,[0.1  0.95],0.03212929739275976,3.063,0.6277494613967757,DR1_45min,DR1_scan2
8,0.8952653858419563,[0.52 0.98],0.0026512876892351017,18.143,0.9209245948104782,DR1_45min,RE_Sl
8,-0.08498569145530485,[-0.75  0.66],0.8414174346694984,0.437,0.05365729898600126,DR1_45min,To
8,0.866006931944751,[0.41 0.98],0.005426115287059058,10.89,0.8673205656635395,DR1_45min,AvrALP
8,-0.2597388024825743,[-0.82  0.54],0.5344502801973209,0.509,0.09581780526346077,DR1_45min,RE_R1b
7,-0.5206348276407041,[-0.91  0.38],0.23089057987645703,0.853,0.23476805880021362,Toe,AvrConBili
8,-0.6079221071776246,[-0.92  0.17],0.10984614161204452,1.305,0.3844220093513712,Toe,De
8,-0.05804777929387496,[-0.73  0.67],0.8914046599071741,0.433,0.05112996051714119,Toe,Eb
8,0.02409316514748315,[-0.69  0.72],0.9548427943229837,0.43,0.049313060153198696,Toe,RE_R1l
8,0.3041818755936396,[-0.51  0.83],0.46386357402600625,0.544,0.11484324661847821,Toe,Dhl
8,0.5521828527351467,[-0.25  0.9 ],0.15586124523479816,1.035,0.3119258179390794,Toe,AUC35_Cb
8,-0.6934523147989307,[-0.94  0.02],0.05647453187078557,2.06,0.5209677536648083,Toe,ve
8,0.38050471747242054,[-0.44  0.86],0.3524262185421744,0.629,0.1573690548611105,Toe,Thl
8,-0.2719940306614263,[-0.82  0.54],0.5146058471837589,0.518,0.1006798798367017,Toe,RE_Sb
8,0.16784296106537966,[-0.61  0.78],0.6911549312176866,0.461,0.06775199155135167,Toe,kbh
8,-0.4660261288312977,[-0.88  0.36],0.24447270843878866,0.778,0.22273013565540778,Toe,Te
8,0.08212033769306834,[-0.66  0.74],0.8467152150897981,0.437,0.05334212923502207,Toe,AvrALT
8,-0.34555719188280953,[-0.84  0.47],0.40181119963348816,0.586,0.13623552333871913,Toe,DR1_45min
8,0.9999999999999999,[1. 1.],0.0,1.893e+31,1.0,Toe,Toe
8,0.20772118992602695,[-0.58  0.8 ],0.6215812128855911,0.478,0.07819747445375132,Toe,CL
8,0.5920881325811926,[-0.19  0.91],0.12200649991774012,1.216,0.36255107047789353,Toe,khe
8,-0.10231001611974684,[-0.75  0.65],0.8095031582474144,0.441,0.05580129166270573,Toe,R1_scan2
8,-0.2278852252684873,[-0.8   0.57],0.5872778109114059,0.489,0.08446760831048,Toe,R1_45min
7,0.3822377957850156,[-0.52  0.88],0.3974396819868612,0.626,0.13848823171525793,Toe,AvrConTotBili
8,-0.22559025283999917,[-0.8   0.57],0.5911498119756962,0.488,0.08371911506379813,Toe,Eo
8,0.2173309853932911,[-0.58  0.8 ],0.6051540103681898,0.483,0.08110000904004594,Toe,AUC35_Cl
8,0.36697863761000543,[-0.46  0.85],0.3711968980470894,0.611,0.1488381926975385,Toe,AvrBili
8,-0.5939574812405004,[-0.92  0.19],0.12053325230047207,1.226,0.36507926680077796,Toe,CO
8,-0.42490184112275137,[-0.87  0.4 ],0.2940059374282505,0.697,0.1887132245907824,Toe,AvrAlb
8,-0.25861484155958336,[-0.81  0.55],0.5362840928522253,0.509,0.09538600201820148,Toe,DR1_scan2
8,-0.014533173218240117,[-0.71  0.7 ],0.9727541369688152,0.43,0.049073294533023726,Toe,RE_Sl
8,0.6222159505507242,[-0.15  0.92],0.09948748722481834,1.395,0.405064891191081,Toe,To
8,-0.25529126989840356,[-0.81  0.55],0.5417200522658672,0.506,0.09412283958756311,Toe,AvrALP
8,0.3766484899980723,[-0.45  0.85],0.3577326198123827,0.624,0.15489048888021278,Toe,RE_R1b
7,-0.2500757008554238,[-0.84  0.62],0.5886077957631392,0.52,0.08456967032383625,CL,AvrConBili
8,-0.21788792806791435,[-0.8   0.58],0.6042063014731472,0.484,0.0812729769071,CL,De
8,-0.7318208590851304,[-0.95 -0.06],0.03904040133024894,2.669,0.5922035887990104,CL,Eb
8,0.14829926507256883,[-0.62  0.77],0.7259888509725781,0.454,0.06353259121053861,CL,RE_R1l
8,0.597795364493296,[-0.18  0.92],0.11754016011564958,1.247,0.3703147987801846,CL,Dhl
8,0.23991832887689726,[-0.56  0.81],0.5671174077097597,0.496,0.08854221110984374,CL,AUC35_Cb
8,-0.28715202432505865,[-0.82  0.52],0.49045468168812106,0.53,0.10709262076485661,CL,ve
8,0.33112277266493195,[-0.49  0.84],0.4230334116286768,0.57,0.1283446349941321,CL,Thl
8,-0.31663490713382014,[-0.83  0.5 ],0.44479738675020275,0.556,0.12089045283838959,CL,RE_Sb
8,0.8835399300508671,[0.47 0.98],0.0036119754505580903,14.558,0.9004050110542928,CL,kbh
8,-0.26176578236926873,[-0.82  0.54],0.5311489425479707,0.511,0.09660247469121386,CL,Te
8,-0.6355218867523864,[-0.93  0.13],0.09036989482028134,1.489,0.4250597281054093,CL,AvrALT
8,0.0014954330336541533,[-0.7   0.71],0.9971960672422289,0.43,0.04893768745488585,CL,DR1_45min
8,0.20772118992602695,[-0.58  0.8 ],0.6215812128855911,0.478,0.07819747445375132,CL,Toe
8,1.0,"[np.float64(1.0), np.float64(1.0)]",0.0,inf,1.0,CL,CL
8,0.5923576362077918,[-0.19  0.92],0.12179348044337789,1.218,0.3629146766030348,CL,khe
8,0.24015832045889035,[-0.56  0.81],0.5667177843423356,0.497,0.08862606814767286,CL,R1_scan2
8,-0.10232953056173966,[-0.75  0.65],0.8094673307953955,0.441,0.05580393914651952,CL,R1_45min
7,0.35937534531384374,[-0.54  0.88],0.4285270899902218,0.602,0.12690122509180424,CL,AvrConTotBili
8,-0.5534419728432098,[-0.91  0.25],0.15472286884382366,1.04,0.3134277774967743,CL,Eo
8,0.2823803986328234,[-0.53  0.82],0.4980092633839419,0.526,0.10502546087089984,CL,AUC35_Cl
8,0.1548578797089576,[-0.62  0.77],0.7142501306240597,0.456,0.06488470246215189,CL,AvrBili
8,0.14416029610755712,[-0.62  0.77],0.7334210547711609,0.452,0.06271206809666427,CL,CO
8,0.1927790133032189,[-0.59  0.79],0.6473949925335082,0.471,0.07398666997069944,CL,AvrAlb
8,0.2573100533867711,[-0.55  0.81],0.5384158036866611,0.508,0.09488766760512266,CL,DR1_scan2
8,0.18312415612575522,[-0.6   0.79],0.6642411933142911,0.467,0.07145702070268015,CL,RE_Sl
8,0.6835528970939017,[-0.04  0.94],0.06160945623729084,1.939,0.5035620503633857,CL,To
8,0.26331984740678666,[-0.54  0.82],0.5286229262157816,0.512,0.09720927188684352,CL,AvrALP
8,0.5422465634193341,[-0.26  0.9 ],0.16500468930308934,0.997,0.3002846387337926,CL,RE_R1b
7,-0.6277597685379881,[-0.94  0.24],0.13119643964679986,1.218,0.34973642986314246,khe,AvrConBili
8,-0.5752407525609,[-0.91  0.22],0.13573894982701226,1.133,0.3404064586888784,khe,De
8,-0.3358468969768811,[-0.84  0.48],0.41603632164067683,0.575,0.1308753248952623,khe,Eb
8,0.12636559122218108,[-0.63  0.76],0.765574732127435,0.447,0.05946876382147242,khe,RE_R1l
8,0.10436044199054482,[-0.65  0.75],0.8057402794608706,0.441,0.05608235034734914,khe,Dhl
8,0.6040031175178417,[-0.18  0.92],0.11278867496983813,1.282,0.37891204572797355,khe,AUC35_Cb
8,-0.499590360701603,[-0.89  0.32],0.2074635274008946,0.861,0.25441984595785905,khe,ve
8,0.8542360173646123,[0.38 0.97],0.006920893613242175,9.152,0.8439249048051863,khe,Thl
8,0.042816225564332414,[-0.68  0.73],0.9198176380488758,0.431,0.05012784488454763,khe,RE_Sb
8,0.5409807344756847,[-0.26  0.9 ],0.16618988677005442,0.992,0.29882835098604077,khe,kbh
8,-0.21590170252029844,[-0.8   0.58],0.6075883189364469,0.483,0.08065851649495519,khe,Te
8,-0.28251786092224285,[-0.82  0.53],0.4977910052041774,0.526,0.10508438369281149,khe,AvrALT
8,-0.046099624555956675,[-0.73  0.68],0.9136855881156227,0.432,0.05031803112210742,khe,DR1_45min
8,0.5920881325811926,[-0.19  0.91],0.12200649991774012,1.216,0.36255107047789353,khe,Toe
8,0.5923576362077918,[-0.19  0.92],0.12179348044337789,1.218,0.3629146766030348,khe,CL
8,0.9999999999999999,[1. 1.],0.0,1.893e+31,1.0,khe,khe
8,-0.09892032450562449,[-0.75  0.65],0.8157307873996096,0.44,0.055349398648220194,khe,R1_scan2
8,-0.005758584499922947,[-0.71  0.7 ],0.9892028927629224,0.43,0.04895775124956431,khe,R1_45min
7,0.7470889569227852,[-0.01  0.96],0.05362220332826843,2.208,0.5361142986194845,khe,AvrConTotBili
8,0.0024040234379695546,[-0.7   0.71],0.995492473420829,0.43,0.04893998605562945,khe,Eo
8,0.2786210564598728,[-0.53  0.82],0.5039924505061674,0.523,0.10342838132551722,khe,AUC35_Cl
8,-0.2474787464595811,[-0.81  0.55],0.5545755075289027,0.501,0.09123338343532716,khe,AvrBili
8,-0.5294985789747967,[-0.9   0.28],0.17715044186923212,0.952,0.2858903325066322,khe,CO
8,-0.2995183396073632,[-0.83  0.51],0.4710868554755524,0.54,0.11266201221527673,khe,AvrAlb
8,-0.11643956014863407,[-0.76  0.64],0.7836411824354054,0.444,0.0578568808410375,khe,DR1_scan2
8,0.13032651375779059,[-0.63  0.76],0.75839068230774,0.448,0.06015113878388196,khe,RE_Sl
8,0.8900543036465023,[0.5  0.98],0.003054621831218949,16.404,0.9119912555620832,khe,To
8,0.18162289730788364,[-0.6   0.79],0.6668719214541142,0.466,0.0710769268159161,khe,AvrALP
8,0.7462312695316238,[0.09 0.95],0.03347456196971933,2.976,0.6203972219089878,khe,RE_R1b
7,0.7560946231018635,[0.01 0.96],0.04923420970602892,2.339,0.5531157220500926,R1_scan2,AvrConBili
8,0.5423926336337721,[-0.26  0.9 ],0.1648682195755387,0.998,0.30045307321867404,R1_scan2,De
8,-0.11155326602215304,[-0.76  0.64],0.7925663775241668,0.443,0.057114478633389074,R1_scan2,Eb
8,0.7058435155709897,[0.   0.94],0.05041953559940652,2.23,0.543330200524294,R1_scan2,RE_R1l
8,0.07843495856417343,[-0.66  0.74],0.8535365084959718,0.436,0.05295308276943153,R1_scan2,Dhl
8,-0.4430633779734954,[-0.87  0.38],0.27157303725200815,0.73,0.20311304590714307,R1_scan2,AUC35_Cb
8,0.2510237180202936,[-0.55  0.81],0.5487289259323462,0.504,0.09253069754589796,R1_scan2,ve
8,-0.20484844101404243,[-0.79  0.58],0.6265189444048594,0.477,0.07735959148126904,R1_scan2,Thl
8,-0.5002469008011956,[-0.89  0.32],0.2067709325409469,0.863,0.2550771111229851,R1_scan2,RE_Sb
8,0.011027959885260286,[-0.7   0.71],0.979324251623044,0.43,0.049015146792714334,R1_scan2,kbh
8,0.41874214799452525,[-0.41  0.87],0.30181092190179104,0.686,0.18404428685536686,R1_scan2,Te
8,-0.2704254540291039,[-0.82  0.54],0.5171301787217932,0.517,0.1000416914786726,R1_scan2,AvrALT
8,0.6228203701296723,[-0.15  0.92],0.0990623676857461,1.399,0.40595680232514836,R1_scan2,DR1_45min
8,-0.10231001611974695,[-0.75  0.65],0.8095031582474141,0.441,0.05580129166270572,R1_scan2,Toe
8,0.24015832045889032,[-0.56  0.81],0.5667177843423356,0.497,0.08862606814767286,R1_scan2,CL
8,-0.09892032450562455,[-0.75  0.65],0.8157307873996096,0.44,0.05534939864822022,R1_scan2,khe
8,0.9999999999999999,[1. 1.],0.0,1.893e+31,1.0,R1_scan2,R1_scan2
8,0.5421835611866299,[-0.26  0.9 ],0.16506356961360147,0.997,0.3002120151543354,R1_scan2,R1_45min
7,0.32116773185907,[-0.57  0.87],0.4824480852885143,0.568,0.10978087785696673,R1_scan2,AvrConTotBili
8,-0.289575562830763,[-0.83  0.52],0.48663485277632323,0.532,0.1081598488140677,R1_scan2,Eo
8,0.6050522220171417,[-0.17  0.92],0.11199663578499457,1.288,0.3803807744154556,R1_scan2,AUC35_Cl
8,0.11333705209670242,[-0.64  0.76],0.7893058232846926,0.443,0.05738161659765848,R1_scan2,AvrBili
8,0.30050480220642245,[-0.51  0.83],0.4695552109188272,0.541,0.11311966398516482,R1_scan2,CO
8,0.6703447121302115,[-0.07  0.93],0.06887792374237638,1.795,0.4809862739434304,R1_scan2,AvrAlb
8,0.9710791648158147,[0.84 0.99],5.917038660787938e-05,260.181,0.9981698277815894,R1_scan2,DR1_scan2
8,0.7560046219441424,[0.11 0.95],0.0299936903824581,3.216,0.6399141646609452,R1_scan2,RE_Sl
8,0.015542119925328668,[-0.7   0.71],0.9708632176943099,0.43,0.04909299019767622,R1_scan2,To
8,0.30118614929767074,[-0.51  0.83],0.4684984726993096,0.542,0.11343693082150301,R1_scan2,AvrALP
8,-0.22557045065520814,[-0.8   0.57],0.5911832584764013,0.488,0.08371269615645259,R1_scan2,RE_R1b
7,0.568158108115625,[-0.32  0.93],0.1832833110778038,0.983,0.28057978697701585,R1_45min,AvrConBili
8,0.38367273394844725,[-0.44  0.86],0.34809398130424785,0.633,0.15943340620616647,R1_45min,De
8,0.4892434415560145,[-0.33  0.89],0.2185383644251064,0.834,0.24425446416273364,R1_45min,Eb
8,0.9140791542470448,[0.59 0.98],0.0014853223997350364,27.374,0.9501943451336564,R1_45min,RE_R1l
8,0.009523492643038922,[-0.7   0.71],0.9821445309541438,0.43,0.04899508318541245,R1_45min,Dhl
8,-0.21237154536634645,[-0.8   0.58],0.6136142432919889,0.481,0.07958279555161647,R1_45min,AUC35_Cb
8,-0.05337998937469929,[-0.73  0.68],0.9001024851256808,0.433,0.05079033527543169,R1_45min,ve
8,-0.06235632759777754,[-0.73  0.67],0.8833846082571949,0.434,0.0514690662998898,R1_45min,Thl
8,-0.4208479819414638,[-0.87  0.4 ],0.29913151092009055,0.69,0.18562845644381742,R1_45min,RE_Sb
8,-0.3309079857291954,[-0.84  0.49],0.42335271797208235,0.57,0.12823075874016263,R1_45min,kbh
8,0.27605668477185896,[-0.53  0.82],0.5080894269164652,0.521,0.10235476356395438,R1_45min,Te
8,0.29652132148739424,[-0.52  0.83],0.47575240075587255,0.538,0.11128382178982768,R1_45min,AvrALT
8,0.9765624466062033,[0.87 1.  ],3.162359665185946e-05,400.337,0.9991697304336893,R1_45min,DR1_45min
8,-0.2278852252684874,[-0.8   0.57],0.5872778109114059,0.489,0.08446760831048011,R1_45min,Toe
8,-0.1023295305617396,[-0.75  0.65],0.8094673307953955,0.441,0.05580393914651952,R1_45min,CL
8,-0.00575858449992292,[-0.71  0.7 ],0.9892028927629224,0.43,0.04895775124956432,R1_45min,khe
8,0.5421835611866298,[-0.26  0.9 ],0.16506356961360166,0.997,0.3002120151543352,R1_45min,R1_scan2
8,0.9999999999999998,[1. 1.],2.7369110631344074e-47,4.733e+30,1.0,R1_45min,R1_45min
7,0.48589826195046015,[-0.42  0.91],0.26893726958022723,0.778,0.20583199323000848,R1_45min,AvrConTotBili
8,0.3906183773616281,[-0.43  0.86],0.3386822429511241,0.643,0.16404922932667532,R1_45min,Eo
8,0.8311001680348056,[0.31 0.97],0.010571250245503873,6.762,0.7962450986448777,R1_45min,AUC35_Cl
8,-0.5594295167086729,[-0.91  0.24],0.14937199061851858,1.064,0.32065350877785775,R1_45min,AvrBili
8,-0.3550243428916143,[-0.85  0.47],0.3881493996308104,0.596,0.14167103830005123,R1_45min,CO
8,0.2882660911419318,[-0.52  0.83],0.48869731344127176,0.531,0.10758175583838674,R1_45min,AvrAlb
8,0.6482134512535598,[-0.1   0.93],0.08214201855177808,1.59,0.4448380156447362,R1_45min,DR1_scan2
8,0.9056612009826275,[0.56 0.98],0.0019532829517524817,22.542,0.9377271761450691,R1_45min,RE_Sl
8,-0.04280945584988541,[-0.73  0.68],0.9198302847743245,0.431,0.050127467383082255,R1_45min,To
8,0.8479751731993332,[0.36 0.97],0.007812754509229589,8.393,0.8312006036823747,R1_45min,AvrALP
8,-0.23559535892932104,[-0.81  0.56],0.5743324680353349,0.494,0.08704915379267164,R1_45min,RE_R1b
7,-0.033387423707199326,[-0.77  0.74],0.9433513351422492,0.458,0.049822940578210406,AvrConTotBili,AvrConBili
7,-0.0532246292405793,[-0.78  0.73],0.9097709929885651,0.46,0.05074144349636732,AvrConTotBili,De
7,-0.06876366018085868,[-0.78  0.72],0.8835389805301456,0.461,0.05175829781534154,AvrConTotBili,Eb
7,0.5735487353398209,[-0.32  0.93],0.17821808398259859,1.001,0.2862715238382062,AvrConTotBili,RE_R1l
7,-0.21304660841371773,[-0.83  0.64],0.6464727567055599,0.502,0.07446693484089266,AvrConTotBili,Dhl
7,0.2871176195061783,[-0.59  0.86],0.532413912469302,0.543,0.09669371703459377,AvrConTotBili,AUC35_Cb
7,-0.2588371809045499,[-0.85  0.61],0.5751549210761594,0.525,0.0872486121906456,AvrConTotBili,ve
7,0.6038219238807827,[-0.27  0.93],0.15107311201333767,1.112,0.320268376113661,AvrConTotBili,Thl
7,-0.12037530409953887,[-0.8  0.7],0.7971218903378927,0.471,0.057053180214064296,AvrConTotBili,RE_Sb
7,0.21228018557725464,[-0.64  0.83],0.6476866159404169,0.501,0.07427795600263196,AvrConTotBili,kbh
7,0.19076355264254807,[-0.66  0.83],0.6820100029313978,0.492,0.06929203865158225,AvrConTotBili,Te
7,-0.04131365248380784,[-0.77  0.73],0.929923604789396,0.459,0.050139131070762705,AvrConTotBili,AvrALT
7,0.44837128863804854,[-0.46  0.9 ],0.31296770590886164,0.713,0.17839876427841173,AvrConTotBili,DR1_45min
7,0.3822377957850156,[-0.52  0.88],0.3974396819868612,0.626,0.13848823171525793,AvrConTotBili,Toe
7,0.35937534531384374,[-0.54  0.88],0.4285270899902218,0.602,0.12690122509180424,AvrConTotBili,CL
7,0.7470889569227852,[-0.01  0.96],0.05362220332826843,2.208,0.5361142986194845,AvrConTotBili,khe
7,0.32116773185907,[-0.57  0.87],0.4824480852885143,0.568,0.10978087785696673,AvrConTotBili,R1_scan2
7,0.48589826195046004,[-0.42  0.91],0.26893726958022723,0.778,0.20583199323000848,AvrConTotBili,R1_45min
7,0.9999999999999999,[1. 1.],0.0,3.561e+23,1.0,AvrConTotBili,AvrConTotBili
7,0.20574609370257535,[-0.65  0.83],0.6580602808210178,0.498,0.07269893760109741,AvrConTotBili,Eo
7,0.5265312991643638,[-0.38  0.92],0.22470016957244424,0.867,0.24004546560801768,AvrConTotBili,AUC35_Cl
7,-0.45917662464218995,[-0.9   0.45],0.29998739333712887,0.73,0.18591492015307567,AvrConTotBili,AvrBili
7,-0.5620805338288983,[-0.92  0.33],0.18907698323357336,0.964,0.27428872321754916,AvrConTotBili,CO
7,0.20186850393758493,[-0.65  0.83],0.6642372103585515,0.497,0.07178885413442923,AvrConTotBili,AvrAlb
7,0.32169339384836465,[-0.57  0.87],0.48169035721475517,0.568,0.10999841008923983,AvrConTotBili,DR1_scan2
7,0.5840773080182998,[-0.3   0.93],0.1685258850884369,1.037,0.29769774522050146,AvrConTotBili,RE_Sl
7,0.6136682909031036,[-0.26  0.93],0.14272588995049548,1.153,0.33210259946033654,AvrConTotBili,To
7,0.45575272716341503,[-0.45  0.9 ],0.3040744259407313,0.725,0.1835007635396801,AvrConTotBili,AvrALP
7,0.35960505925444597,[-0.54  0.88],0.4282102142482898,0.602,0.12701246828791007,AvrConTotBili,RE_R1b
7,-0.06850830464334702,[-0.78  0.72],0.8839694258646484,0.461,0.05173946078364916,Eo,AvrConBili
8,-0.24168063509517487,[-0.81  0.56],0.564185173644151,0.498,0.08916037583700549,Eo,De
8,0.7883253504044584,[0.19 0.96],0.0201059432148134,4.273,0.7063117817472181,Eo,Eb
8,0.05311982528606729,[-0.68  0.73],0.9005875302999368,0.432,0.05077225335139313,Eo,RE_R1l
8,-0.5194886425949867,[-0.9   0.29],0.18701310293447232,0.92,0.2750043183882315,Eo,Dhl
8,-0.28468990719599646,[-0.82  0.53],0.49434720038626523,0.528,0.10602036423888729,Eo,AUC35_Cb
8,-0.12779152418504158,[-0.76  0.63],0.7629867639356704,0.447,0.05971183123485483,Eo,ve
8,0.3516731655759134,[-0.47  0.85],0.3929617551951171,0.593,0.13972299665990484,Eo,Thl
8,0.20554992309086556,[-0.58  0.8 ],0.6253120977680231,0.477,0.07756293467400728,Eo,RE_Sb
8,-0.6955157420088312,[-0.94  0.02],0.05543763936281913,2.087,0.5246475603830597,Eo,kbh
8,-0.07204969357962436,[-0.74  0.67],0.8653736231467429,0.435,0.05232231470319286,Eo,Te
8,0.2208985397406245,[-0.57  0.8 ],0.5990917497128753,0.485,0.08221706741655198,Eo,AvrALT
8,0.33480066515191353,[-0.48  0.84],0.41758165642500344,0.574,0.1303105543483815,Eo,DR1_45min
8,-0.22559025283999912,[-0.8   0.57],0.5911498119756962,0.488,0.08371911506379813,Eo,Toe
8,-0.5534419728432098,[-0.91  0.25],0.15472286884382366,1.04,0.3134277774967743,Eo,CL
8,0.0024040234379695685,[-0.7   0.71],0.995492473420829,0.43,0.04893998605562945,Eo,khe
8,-0.289575562830763,[-0.83  0.52],0.48663485277632323,0.532,0.1081598488140677,Eo,R1_scan2
8,0.39061837736162813,[-0.43  0.86],0.3386822429511241,0.643,0.16404922932667532,Eo,R1_45min
7,0.20574609370257532,[-0.65  0.83],0.6580602808210178,0.498,0.07269893760109737,Eo,AvrConTotBili
8,1.0,"[np.float64(1.0), np.float64(1.0)]",0.0,inf,1.0,Eo,Eo
8,0.06251638656777642,[-0.67  0.73],0.8830868329702848,0.434,0.0514821386265596,Eo,AUC35_Cl
8,-0.49515162850007854,[-0.89  0.32],0.2121777869895048,0.849,0.250014720305509,Eo,AvrBili
8,-0.4685532699618767,[-0.88  0.35],0.24157773599823407,0.784,0.224988866725567,Eo,CO
8,-0.16642482098155942,[-0.78  0.61],0.6936674655457756,0.46,0.06742641404847971,Eo,AvrAlb
8,-0.1665969033139975,[-0.78  0.61],0.693362454886467,0.46,0.06746575716656758,Eo,DR1_scan2
8,0.01990201392118693,[-0.69  0.71],0.9626935764666851,0.43,0.04919331226403958,Eo,RE_Sl
8,-0.38731682004303564,[-0.86  0.44],0.343141189080473,0.638,0.16183964748600613,Eo,To
8,0.2748201084317631,[-0.53  0.82],0.5100695478291197,0.52,0.10184160199572004,Eo,AvrALP
8,-0.37258462241060575,[-0.85  0.45],0.3633637528072178,0.618,0.15231875621586025,Eo,RE_R1b
7,0.38361979753205605,[-0.52  0.88],0.39559015787966845,0.627,0.1392227934858582,AUC35_Cl,AvrConBili
8,0.06428392087678705,[-0.67  0.74],0.8797992970917972,0.434,0.05162876202521767,AUC35_Cl,De
8,0.2670716522491403,[-0.54  0.82],0.5225429854317009,0.515,0.09869290057400854,AUC35_Cl,Eb
8,0.9305807454356096,[0.66 0.99],0.0007933954566315302,42.632,0.9711129644521135,AUC35_Cl,RE_R1l
8,0.4354391639358378,[-0.39  0.87],0.2808841904117525,0.716,0.19695108911832865,AUC35_Cl,Dhl
8,-0.021725630881444732,[-0.72  0.69],0.9592772584869234,0.43,0.04924260646760387,AUC35_Cl,AUC35_Cb
8,-0.4278076996307062,[-0.87  0.4 ],0.2903582534012297,0.702,0.1909531132436868,AUC35_Cl,ve
8,0.07744264274090193,[-0.66  0.74],0.8553745648459208,0.436,0.05285145936358625,AUC35_Cl,Thl
8,-0.718685926880984,[-0.94 -0.03],0.044574306173481036,2.432,0.5671640407191786,AUC35_Cl,RE_Sb
8,-0.033146694136709426,[-0.72  0.69],0.9378954564679192,0.431,0.049649853518611585,AUC35_Cl,kbh
8,-0.08001730760529835,[-0.74  0.66],0.850606733582666,0.436,0.05311787722392798,AUC35_Cl,Te
8,0.08711483530340833,[-0.66  0.75],0.8374841948703791,0.438,0.053898700327396465,AUC35_Cl,AvrALT
8,0.8135599908688638,[0.26 0.97],0.014020587234257628,5.526,0.7593637245520917,AUC35_Cl,DR1_45min
8,0.21733098539329113,[-0.58  0.8 ],0.6051540103681895,0.483,0.08110000904004598,AUC35_Cl,Toe
8,0.2823803986328235,[-0.53  0.82],0.4980092633839419,0.526,0.10502546087089984,AUC35_Cl,CL
8,0.2786210564598727,[-0.53  0.82],0.5039924505061679,0.523,0.1034283813255173,AUC35_Cl,khe
8,0.6050522220171417,[-0.17  0.92],0.11199663578499457,1.288,0.3803807744154556,AUC35_Cl,R1_scan2
8,0.8311001680348056,[0.31 0.97],0.010571250245503873,6.762,0.7962450986448777,AUC35_Cl,R1_45min
7,0.5265312991643638,[-0.38  0.92],0.22470016957244424,0.867,0.24004546560801768,AUC35_Cl,AvrConTotBili
8,0.06251638656777644,[-0.67  0.73],0.8830868329702848,0.434,0.0514821386265596,AUC35_Cl,Eo
8,1.0,"[np.float64(1.0), np.float64(1.0)]",0.0,inf,1.0,AUC35_Cl,AUC35_Cl
8,-0.21026073536505854,[-0.8   0.58],0.6172264369324338,0.48,0.07894953827539365,AUC35_Cl,AvrBili
8,-0.44775863063422616,[-0.88  0.38],0.26591605985206435,0.74,0.20699361485932388,AUC35_Cl,CO
8,0.18345687712781727,[-0.6   0.79],0.6636585544578727,0.467,0.07154173989221264,AUC35_Cl,AvrAlb
8,0.6552457141826797,[-0.09  0.93],0.07777876545357167,1.651,0.4560954821624701,AUC35_Cl,DR1_scan2
8,0.9160826907078363,[0.6  0.98],0.001385965065753824,28.749,0.9529946237658649,AUC35_Cl,RE_Sl
8,0.30861435967163975,[-0.51  0.83],0.45703989122869987,0.548,0.11695824308922882,AUC35_Cl,To
8,0.7932102322291353,[0.2  0.96],0.018820059374806408,4.479,0.7165334688990991,AUC35_Cl,AvrALP
8,-0.02672093932004982,[-0.72  0.69],0.9499220823919794,0.43,0.04939980536273215,AUC35_Cl,RE_R1b
7,0.11780202970504525,[-0.7  0.8],0.8013978109836296,0.47,0.05671785373406297,AvrBili,AvrConBili
8,-0.22197903449711565,[-0.8   0.57],0.5972596344290926,0.486,0.0825596529092286,AvrBili,De
8,-0.1761963811090564,[-0.78  0.6 ],0.6764056605870146,0.464,0.06973244122380265,AvrBili,Eb
8,-0.3314319350117313,[-0.84  0.49],0.4225739841028123,0.57,0.1285087275441444,AvrBili,RE_R1l
8,0.38454386456931455,[-0.44  0.86],0.34690702875092994,0.634,0.1600055331152388,AvrBili,Dhl
8,-0.2900295823345942,[-0.83  0.52],0.485920553128898,0.532,0.10836108531067577,AvrBili,AUC35_Cb
8,-0.22908167122835812,[-0.8   0.57],0.5852625866800856,0.49,0.08486142942450392,AvrBili,ve
8,-0.2898100037022159,[-0.83  0.52],0.48626596047717396,0.532,0.10826370925792565,AvrBili,Thl
8,-0.4199030962014841,[-0.87  0.4 ],0.3003323375241307,0.688,0.18491610373748235,AvrBili,RE_Sb
8,0.046339765371734426,[-0.68  0.73],0.9132372457977651,0.432,0.050332496873663465,AvrBili,kbh
8,-0.4881064341906012,[-0.89  0.33],0.21977362453736896,0.831,0.2431593268503155,AvrBili,Te
8,-0.3139970329606406,[-0.83  0.5 ],0.44880878235996935,0.553,0.11958211882901659,AvrBili,AvrALT
8,-0.5122319274736262,[-0.89  0.3 ],0.19434134301711864,0.898,0.2673367622323152,AvrBili,DR1_45min
8,0.3669786376100054,[-0.46  0.85],0.37119689804708966,0.611,0.14883819269753845,AvrBili,Toe
8,0.1548578797089576,[-0.62  0.77],0.7142501306240597,0.456,0.06488470246215189,AvrBili,CL
8,-0.24747874645958115,[-0.81  0.55],0.5545755075289027,0.501,0.09123338343532726,AvrBili,khe
8,0.11333705209670245,[-0.64  0.76],0.7893058232846926,0.443,0.057381616597658475,AvrBili,R1_scan2
8,-0.559429516708673,[-0.91  0.24],0.14937199061851858,1.064,0.320653508777858,AvrBili,R1_45min
7,-0.45917662464218995,[-0.9   0.45],0.29998739333712887,0.73,0.18591492015307567,AvrBili,AvrConTotBili
8,-0.49515162850007854,[-0.89  0.32],0.2121777869895048,0.849,0.250014720305509,AvrBili,Eo
8,-0.21026073536505854,[-0.8   0.58],0.6172264369324338,0.48,0.07894953827539365,AvrBili,AUC35_Cl
8,1.0,"[np.float64(1.0), np.float64(1.0)]",0.0,inf,1.0,AvrBili,AvrBili
8,0.33919000433836777,[-0.48  0.84],0.4111148152233466,0.579,0.1326965295864,AvrBili,CO
8,0.18805487328074053,[-0.6   0.79],0.6556220305417476,0.469,0.07273040491874999,AvrBili,AvrAlb
8,-0.01859085419623309,[-0.71  0.7 ],0.9651501792598121,0.43,0.0491605435719208,AvrBili,DR1_scan2
8,-0.33777747714591433,[-0.84  0.48],0.41319118746535544,0.577,0.13192395225961084,AvrBili,RE_Sl
8,-0.17356209233262743,[-0.78  0.61],0.681047452389288,0.463,0.06909628007800123,AvrBili,To
8,-0.5805653346118049,[-0.91  0.21],0.13131029457751742,1.158,0.3472814375424903,AvrBili,AvrALP
8,-0.32869850538964496,[-0.84  0.49],0.4266432834087064,0.568,0.12706527295339368,AvrBili,RE_R1b
7,0.35105949374858675,[-0.55  0.87],0.4400585770264506,0.594,0.1229428628891352,CO,AvrConBili
8,0.47919938407572193,[-0.34  0.89],0.22957484919054444,0.809,0.23472806689673617,CO,De
8,-0.5021493462581661,[-0.89  0.31],0.20477086088935642,0.869,0.25698999175945464,CO,Eb
8,-0.3376607175459453,[-0.84  0.48],0.4133630211045468,0.577,0.13186029316764586,CO,RE_R1l
8,-0.06314032241493903,[-0.74  0.67],0.8819261710741555,0.434,0.05153342183627396,CO,Dhl
8,-0.4919043053582833,[-0.89  0.33],0.21566167412490936,0.841,0.24683420549480828,CO,AUC35_Cb
8,0.7310634214612337,[0.05 0.95],0.03934747315019256,2.655,0.5907421034892791,CO,ve
8,-0.41270331412689265,[-0.87  0.41],0.30955815972556616,0.677,0.17956991389824473,CO,Thl
8,0.1968774310443671,[-0.59  0.79],0.6402827859432964,0.473,0.07510552583363847,CO,RE_Sb
8,0.21937953218725753,[-0.57  0.8 ],0.601670528302851,0.485,0.08173880405744981,CO,kbh
8,0.3637591003691061,[-0.46  0.85],0.37572938813627854,0.607,0.14687405183022081,CO,Te
8,-0.5254650053731331,[-0.9   0.28],0.1810902952925561,0.939,0.2814601728076856,CO,AvrALT
8,-0.18206599900353929,[-0.79  0.6 ],0.6660951431755336,0.466,0.07118874453933585,CO,DR1_45min
8,-0.5939574812405005,[-0.92  0.19],0.12053325230047207,1.226,0.3650792668007782,CO,Toe
8,0.14416029610755712,[-0.62  0.77],0.7334210547711609,0.452,0.06271206809666427,CO,CL
8,-0.5294985789747967,[-0.9   0.28],0.17715044186923212,0.952,0.2858903325066322,CO,khe
8,0.30050480220642245,[-0.51  0.83],0.4695552109188272,0.541,0.11311966398516482,CO,R1_scan2
8,-0.3550243428916143,[-0.85  0.47],0.3881493996308104,0.596,0.14167103830005123,CO,R1_45min
7,-0.5620805338288983,[-0.92  0.33],0.18907698323357336,0.964,0.27428872321754916,CO,AvrConTotBili
8,-0.46855326996187674,[-0.88  0.35],0.24157773599823387,0.784,0.22498886672556706,CO,Eo
8,-0.44775863063422616,[-0.88  0.38],0.26591605985206435,0.74,0.20699361485932388,CO,AUC35_Cl
8,0.33919000433836777,[-0.48  0.84],0.4111148152233466,0.579,0.1326965295864,CO,AvrBili
8,1.0,"[np.float64(1.0), np.float64(1.0)]",0.0,inf,1.0,CO,CO
8,0.4574635833448198,[-0.36  0.88],0.254411202912317,0.76,0.21522588886690053,CO,AvrAlb
8,0.30492664885585974,[-0.51  0.83],0.4627141610137984,0.545,0.1151957588253823,CO,DR1_scan2
8,-0.26582396652500173,[-0.82  0.54],0.5245620165207072,0.514,0.09819656522660453,CO,RE_Sl
8,-0.38873788611551957,[-0.86  0.44],0.3412186485540855,0.64,0.1627872472586746,CO,To
8,-0.3341655329295366,[-0.84  0.48],0.4185209681159223,0.573,0.12996890019661073,CO,AvrALP
8,-0.18644295409634032,[-0.79  0.6 ],0.6584361532746433,0.468,0.07230988641294378,CO,RE_R1b
7,0.8131509826196236,[0.16 0.97],0.02613752220103313,3.596,0.6705586777025222,AvrAlb,AvrConBili
8,0.6135875924274512,[-0.16  0.92],0.10567029627994594,1.339,0.3925010565508317,AvrAlb,De
8,-0.14783121401223448,[-0.77  0.62],0.7268283888652416,0.453,0.06343853694000925,AvrAlb,Eb
8,0.39121405873520937,[-0.43  0.86],0.3378806178892246,0.644,0.1644508996667066,AvrAlb,RE_R1l
8,-0.06915888509745889,[-0.74  0.67],0.8707399766284163,0.435,0.05205472806157523,AvrAlb,Dhl
8,-0.6405473845789057,[-0.93  0.12],0.0870573504446231,1.528,0.4328085774290505,AvrAlb,AUC35_Cb
8,0.27952062439077524,[-0.53  0.82],0.502558251014671,0.524,0.10380803023138274,AvrAlb,ve
8,-0.3943967811543416,[-0.86  0.43],0.3336125024856455,0.648,0.1666127000642963,AvrAlb,Thl
8,-0.42564760338346763,[-0.87  0.4 ],0.29306768562,0.698,0.18928577725079865,AvrAlb,RE_Sb
8,0.03516573838075629,[-0.69  0.72],0.9341185790913193,0.431,0.04973955283208678,AvrAlb,kbh
8,0.2783860489126363,[-0.53  0.82],0.5043673849596984,0.523,0.10332945970272034,AvrAlb,Te
8,-0.22638564440961695,[-0.8   0.57],0.5898068922279138,0.488,0.08397750013931593,AvrAlb,AvrALT
8,0.38241692978039576,[-0.44  0.86],0.3498083444972377,0.631,0.158612045001401,AvrAlb,DR1_45min
8,-0.4249018411227515,[-0.87  0.4 ],0.2940059374282505,0.697,0.18871322459078246,AvrAlb,Toe
8,0.1927790133032189,[-0.59  0.79],0.6473949925335082,0.471,0.07398666997069944,AvrAlb,CL
8,-0.2995183396073632,[-0.83  0.51],0.4710868554755524,0.54,0.11266201221527673,AvrAlb,khe
8,0.6703447121302115,[-0.07  0.93],0.06887792374237638,1.795,0.4809862739434304,AvrAlb,R1_scan2
8,0.2882660911419318,[-0.52  0.83],0.48869731344127176,0.531,0.10758175583838674,AvrAlb,R1_45min
7,0.201868503937585,[-0.65  0.83],0.6642372103585515,0.497,0.07178885413442923,AvrAlb,AvrConTotBili
8,-0.16642482098155942,[-0.78  0.61],0.6936674655457756,0.46,0.06742641404847971,AvrAlb,Eo
8,0.18345687712781727,[-0.6   0.79],0.6636585544578727,0.467,0.07154173989221264,AvrAlb,AUC35_Cl
8,0.1880548732807405,[-0.6   0.79],0.6556220305417476,0.469,0.07273040491874999,AvrAlb,AvrBili
8,0.4574635833448198,[-0.36  0.88],0.254411202912317,0.76,0.21522588886690053,AvrAlb,CO
8,0.9999999999999999,[1. 1.],0.0,1.893e+31,1.0,AvrAlb,AvrAlb
8,0.6719162639071754,[-0.06  0.93],0.06798790710169043,1.811,0.4836333153143285,AvrAlb,DR1_scan2
8,0.42578024697805295,[-0.4   0.87],0.2929009574789121,0.699,0.18938777891349592,AvrAlb,RE_Sl
8,-0.2941030980011953,[-0.83  0.52],0.47953020755419185,0.536,0.11018512763357324,AvrAlb,To
8,0.15485519185759833,[-0.62  0.77],0.7142549315329902,0.456,0.06488413522438216,AvrAlb,AvrALP
8,-0.4884394822661582,[-0.89  0.33],0.21941142314697853,0.832,0.2434796649179308,AvrAlb,RE_R1b
7,0.7946983675151268,[0.1  0.97],0.03272792615463589,3.086,0.63080333223321,DR1_scan2,AvrConBili
8,0.5398673673771042,[-0.27  0.9 ],0.16723613515360833,0.988,0.2975524178671561,DR1_scan2,De
8,-0.04580377056345991,[-0.73  0.68],0.9142379741430522,0.432,0.050300313531483294,DR1_scan2,Eb
8,0.7439240910778854,[0.08 0.95],0.03433067085823992,2.923,0.6158350467270749,DR1_scan2,RE_R1l
8,0.09870503816479334,[-0.65  0.75],0.8161266051028344,0.44,0.05532123310493961,DR1_scan2,Dhl
8,-0.509890046097302,[-0.89  0.3 ],0.19673818485444686,0.891,0.2649019510687283,DR1_scan2,AUC35_Cb
8,0.2588930401129704,[-0.55  0.81],0.5358299812315066,0.509,0.09549266183370819,DR1_scan2,ve
8,-0.17455212650607715,[-0.78  0.6 ],0.6793019121171581,0.463,0.06933410546279882,DR1_scan2,Thl
8,-0.4913475109920304,[-0.89  0.33],0.21626199403724836,0.839,0.2462924263190427,DR1_scan2,RE_Sb
8,-0.00907560947349939,[-0.71  0.7 ],0.9829841666239589,0.43,0.04898967784905268,DR1_scan2,kbh
8,0.3995120413796376,[-0.42  0.86],0.326805869189732,0.656,0.1701429067834963,DR1_scan2,Te
8,-0.30491230253385015,[-0.83  0.51],0.4627362909169119,0.545,0.11518895761144747,DR1_scan2,AvrALT
8,0.7499308992829654,[0.1  0.95],0.03212929739275976,3.063,0.6277494613967755,DR1_scan2,DR1_45min
8,-0.25861484155958336,[-0.81  0.55],0.5362840928522253,0.509,0.09538600201820148,DR1_scan2,Toe
8,0.25731005338677115,[-0.55  0.81],0.5384158036866611,0.508,0.09488766760512266,DR1_scan2,CL
8,-0.11643956014863402,[-0.76  0.64],0.7836411824354054,0.444,0.0578568808410375,DR1_scan2,khe
8,0.9710791648158147,[0.84 0.99],5.917038660787938e-05,260.181,0.9981698277815894,DR1_scan2,R1_scan2
8,0.6482134512535598,[-0.1   0.93],0.08214201855177808,1.59,0.4448380156447362,DR1_scan2,R1_45min
7,0.3216933938483647,[-0.57  0.87],0.48169035721475506,0.568,0.10999841008923988,DR1_scan2,AvrConTotBili
8,-0.16659690331399757,[-0.78  0.61],0.693362454886467,0.46,0.06746575716656758,DR1_scan2,Eo
8,0.6552457141826797,[-0.09  0.93],0.07777876545357167,1.651,0.4560954821624701,DR1_scan2,AUC35_Cl
8,-0.018590854196233075,[-0.71  0.7 ],0.9651501792598125,0.43,0.0491605435719208,DR1_scan2,AvrBili
8,0.30492664885585974,[-0.51  0.83],0.4627141610137984,0.545,0.1151957588253823,DR1_scan2,CO
8,0.6719162639071754,[-0.06  0.93],0.06798790710169043,1.811,0.4836333153143285,DR1_scan2,AvrAlb
8,1.0,"[np.float64(1.0), np.float64(1.0)]",0.0,inf,1.0,DR1_scan2,DR1_scan2
8,0.7946871451991997,[0.2  0.96],0.018441679520649394,4.545,0.7196304025782104,DR1_scan2,RE_Sl
8,-0.04347091233725847,[-0.73  0.68],0.918594665981463,0.432,0.05016463656583548,DR1_scan2,To
8,0.471115190652289,[-0.35  0.88],0.23866080086534855,0.79,0.2272993534454262,DR1_scan2,AvrALP
8,-0.255802413415965,[-0.81  0.55],0.5408827452979799,0.507,0.09431577871601628,DR1_scan2,RE_R1b
7,0.6067151376663359,[-0.27  0.93],0.148595671455477,1.123,0.32370489637919114,RE_Sl,AvrConBili
8,0.42419079577079805,[-0.4   0.87],0.29490186405513474,0.696,0.1881687963623323,RE_Sl,De
8,0.18266966413863087,[-0.6   0.79],0.6650373068148825,0.467,0.07134157701423448,RE_Sl,Eb
8,0.995098798911219,[0.97 1.  ],2.9325793928478577e-07,9565.541,0.9999995399990675,RE_Sl,RE_R1l
8,0.1949975184576746,[-0.59  0.79],0.6435421680381821,0.472,0.07458895640642418,RE_Sl,Dhl
8,-0.10813689930524222,[-0.76  0.65],0.798818404380957,0.442,0.05661526581169768,RE_Sl,AUC35_Cb
8,-0.10314994729878132,[-0.75  0.65],0.807961352705506,0.441,0.05591572000202049,RE_Sl,ve
8,-0.0883458417072904,[-0.75  0.66],0.835211451374871,0.438,0.05404108168386563,RE_Sl,Thl
8,-0.5937161636321587,[-0.92  0.19],0.12072287009609568,1.225,0.3647520918481989,RE_Sl,RE_Sb
8,-0.04679174744204151,[-0.73  0.68],0.9123934507007627,0.432,0.05035992933731616,RE_Sl,kbh
8,0.2777150371102509,[-0.53  0.82],0.5054385121606124,0.523,0.1030476023200372,RE_Sl,Te
8,0.15995843873008891,[-0.61  0.78],0.7051546679794489,0.458,0.06598061542477687,RE_Sl,AvrALT
8,0.8952653858419563,[0.52 0.98],0.0026512876892351017,18.143,0.9209245948104782,RE_Sl,DR1_45min
8,-0.014533173218240186,[-0.71  0.7 ],0.9727541369688152,0.43,0.049073294533023754,RE_Sl,Toe
8,0.18312415612575522,[-0.6   0.79],0.6642411933142911,0.467,0.07145702070268015,RE_Sl,CL
8,0.13032651375779053,[-0.63  0.76],0.7583906823077402,0.448,0.06015113878388193,RE_Sl,khe
8,0.7560046219441423,[0.11 0.95],0.0299936903824581,3.216,0.639914164660945,RE_Sl,R1_scan2
8,0.9056612009826275,[0.56 0.98],0.0019532829517524817,22.542,0.9377271761450691,RE_Sl,R1_45min
7,0.5840773080182999,[-0.3   0.93],0.1685258850884369,1.037,0.2976977452205015,RE_Sl,AvrConTotBili
8,0.019902013921186956,[-0.69  0.71],0.9626935764666851,0.43,0.04919331226403958,RE_Sl,Eo
8,0.9160826907078363,[0.6  0.98],0.001385965065753824,28.749,0.9529946237658649,RE_Sl,AUC35_Cl
8,-0.33777747714591433,[-0.84  0.48],0.41319118746535544,0.577,0.13192395225961084,RE_Sl,AvrBili
8,-0.26582396652500184,[-0.82  0.54],0.5245620165207072,0.514,0.09819656522660447,RE_Sl,CO
8,0.42578024697805306,[-0.4   0.87],0.29290095747891187,0.699,0.1893877789134961,RE_Sl,AvrAlb
8,0.7946871451991996,[0.2  0.96],0.018441679520649446,4.545,0.7196304025782101,RE_Sl,DR1_scan2
8,1.0,"[np.float64(1.0), np.float64(1.0)]",0.0,inf,1.0,RE_Sl,RE_Sl
8,0.20674153599233008,[-0.58  0.8 ],0.623263684837418,0.478,0.0779102131036628,RE_Sl,To
8,0.7604775501368018,[0.12 0.95],0.02847831283604871,3.336,0.648944290830413,RE_Sl,AvrALP
8,-0.08053395987673656,[-0.74  0.66],0.8496504556332027,0.436,0.05317241575888277,RE_Sl,RE_R1b
7,-0.5254574627189186,[-0.92  0.38],0.22582164968899285,0.864,0.23907615135273444,To,AvrConBili
8,-0.34089059076936806,[-0.84  0.48],0.4086209650388492,0.581,0.13363267203475754,To,De
8,-0.5614368858810892,[-0.91  0.24],0.14760119428190865,1.072,0.32310701889177906,To,Eb
8,0.19659905564398755,[-0.59  0.79],0.6407651163509657,0.473,0.07502867281165422,To,RE_R1l
8,0.31486464897143956,[-0.5   0.83],0.44748777022169967,0.554,0.12001080043348704,To,Dhl
8,0.7816397934588909,[0.17 0.96],0.02195254302909126,4.014,0.6923851400772661,To,AUC35_Cb
8,-0.3821455033427026,[-0.86  0.44],0.3501793905730572,0.631,0.15843504538515588,To,ve
8,0.5741906628877527,[-0.22  0.91],0.13662201074032912,1.128,0.33906398256447295,To,Thl
8,-0.025569847238729564,[-0.72  0.69],0.9520774298322603,0.43,0.049360699526478535,To,RE_Sb
8,0.7381522811219395,[0.07 0.95],0.03653060168224139,2.797,0.6045013156920536,To,kbh
8,-0.07848172972915435,[-0.74  0.66],0.8534498889004103,0.436,0.052957905356441876,To,Te
8,-0.1658952610419544,[-0.78  0.61],0.6946063196199259,0.46,0.06730562421086846,To,AvrALT
8,-0.08498569145530482,[-0.75  0.66],0.8414174346694984,0.437,0.05365729898600126,To,DR1_45min
8,0.6222159505507242,[-0.15  0.92],0.09948748722481834,1.395,0.405064891191081,To,Toe
8,0.6835528970939017,[-0.04  0.94],0.06160945623729084,1.939,0.5035620503633857,To,CL
8,0.8900543036465022,[0.5  0.98],0.003054621831218949,16.404,0.9119912555620829,To,khe
8,0.015542119925328751,[-0.7   0.71],0.9708632176943099,0.43,0.0490929901976762,To,R1_scan2
8,-0.04280945584988538,[-0.73  0.68],0.9198302847743245,0.431,0.050127467383082255,To,R1_45min
7,0.6136682909031036,[-0.26  0.93],0.14272588995049548,1.153,0.33210259946033654,To,AvrConTotBili
8,-0.38731682004303564,[-0.86  0.44],0.343141189080473,0.638,0.16183964748600613,To,Eo
8,0.30861435967163975,[-0.51  0.83],0.45703989122869987,0.548,0.11695824308922882,To,AUC35_Cl
8,-0.1735620923326274,[-0.78  0.61],0.681047452389288,0.463,0.06909628007800123,To,AvrBili
8,-0.3887378861155196,[-0.86  0.44],0.3412186485540855,0.64,0.16278724725867466,To,CO
8,-0.29410309800119516,[-0.83  0.52],0.47953020755419207,0.536,0.11018512763357324,To,AvrAlb
8,-0.04347091233725853,[-0.73  0.68],0.918594665981463,0.432,0.05016463656583548,To,DR1_scan2
8,0.20674153599233014,[-0.58  0.8 ],0.623263684837418,0.478,0.07791021310366289,To,RE_Sl
8,1.0,"[np.float64(1.0), np.float64(1.0)]",0.0,inf,1.0,To,To
8,0.15661567146086636,[-0.62  0.78],0.7111122090415958,0.456,0.06525797684974241,To,AvrALP
8,0.8866262261045489,[0.48 0.98],0.0033404017874145656,15.392,0.9059490017573343,To,RE_R1b
7,0.30193039101910635,[-0.58  0.86],0.5104675828185458,0.553,0.10214824598345384,AvrALP,AvrConBili
8,0.14948023177409714,[-0.62  0.77],0.723871625172298,0.454,0.06377134440359229,AvrALP,De
8,0.2549922644173851,[-0.55  0.81],0.5422100716088807,0.506,0.09401019824959286,AvrALP,Eb
8,0.7718766837581872,[0.15 0.96],0.024832808516846765,3.677,0.6722085390477099,AvrALP,RE_R1l
8,0.3427738433774423,[-0.48  0.84],0.4058668675728169,0.583,0.13467706670414828,AvrALP,Dhl
8,-0.030611910356736202,[-0.72  0.69],0.9426385156082996,0.431,0.04954478129235988,AvrALP,AUC35_Cb
8,-0.24247763624559351,[-0.81  0.56],0.5628608124825379,0.498,0.08944175732095958,AvrALP,ve
8,0.06590460500652934,[-0.67  0.74],0.8767862133461697,0.434,0.05176685827151614,AvrALP,Thl
8,-0.43322426267759745,[-0.87  0.39],0.28361806301109,0.712,0.19519292467272994,AvrALP,RE_Sb
8,0.03628548544631957,[-0.69  0.72],0.9320244096910038,0.431,0.04979159694043806,AvrALP,kbh
8,-0.011258661969833092,[-0.71  0.7 ],0.9788917926381007,0.43,0.04901848332889774,AvrALP,Te
8,0.10762907963116397,[-0.65  0.76],0.7997485312822366,0.442,0.05654245081171443,AvrALP,AvrALT
8,0.866006931944751,[0.41 0.98],0.005426115287059058,10.89,0.8673205656635395,AvrALP,DR1_45min
8,-0.2552912698984036,[-0.81  0.55],0.5417200522658672,0.506,0.09412283958756311,AvrALP,Toe
8,0.2633198474067866,[-0.54  0.82],0.5286229262157816,0.512,0.09720927188684352,AvrALP,CL
8,0.18162289730788364,[-0.6   0.79],0.6668719214541142,0.466,0.0710769268159161,AvrALP,khe
8,0.30118614929767074,[-0.51  0.83],0.4684984726993096,0.542,0.11343693082150301,AvrALP,R1_scan2
8,0.8479751731993332,[0.36 0.97],0.007812754509229589,8.393,0.8312006036823747,AvrALP,R1_45min
7,0.4557527271634148,[-0.45  0.9 ],0.30407442594073164,0.725,0.18350076353967998,AvrALP,AvrConTotBili
8,0.2748201084317631,[-0.53  0.82],0.5100695478291197,0.52,0.10184160199572004,AvrALP,Eo
8,0.7932102322291353,[0.2  0.96],0.018820059374806408,4.479,0.7165334688990991,AvrALP,AUC35_Cl
8,-0.5805653346118049,[-0.91  0.21],0.13131029457751742,1.158,0.3472814375424903,AvrALP,AvrBili
8,-0.33416553292953655,[-0.84  0.48],0.4185209681159223,0.573,0.12996890019661073,AvrALP,CO
8,0.15485519185759833,[-0.62  0.77],0.7142549315329902,0.456,0.06488413522438216,AvrALP,AvrAlb
8,0.471115190652289,[-0.35  0.88],0.23866080086534855,0.79,0.2272993534454262,AvrALP,DR1_scan2
8,0.7604775501368018,[0.12 0.95],0.02847831283604871,3.336,0.648944290830413,AvrALP,RE_Sl
8,0.15661567146086633,[-0.62  0.78],0.7111122090415958,0.456,0.06525797684974241,AvrALP,To
8,1.0,"[np.float64(1.0), np.float64(1.0)]",0.0,inf,1.0,AvrALP,AvrALP
8,0.015300091028549956,[-0.7   0.71],0.971316806058214,0.43,0.04908814495404802,AvrALP,RE_R1b
7,-0.6929662223492742,[-0.95  0.13],0.08432869323930661,1.629,0.44289201676557827,RE_R1b,AvrConBili
8,-0.27078214334700723,[-0.82  0.54],0.5165557466755715,0.517,0.10018640033198743,RE_R1b,De
8,-0.6521993643558073,[-0.93  0.1 ],0.07965184129891945,1.624,0.4511926231944489,RE_R1b,Eb
8,-0.10473336119239979,[-0.75  0.65],0.8050562575417535,0.441,0.056134093606567737,RE_R1b,RE_R1l
8,0.14439011754688355,[-0.62  0.77],0.733007892158525,0.452,0.06275696781202669,RE_R1b,Dhl
8,0.8554814140192306,[0.38 0.97],0.006751649174375906,9.316,0.8464351999412009,RE_R1b,AUC35_Cb
8,-0.07455806260326234,[-0.74  0.67],0.8607208450932964,0.435,0.05256357217401443,RE_R1b,ve
8,0.5379191332321566,[-0.27  0.9 ],0.16907547636243303,0.981,0.2953308366703059,RE_R1b,Thl
8,0.3782200244879719,[-0.45  0.86],0.3555657279011992,0.626,0.1558960658718665,RE_R1b,RE_Sb
8,0.7579389807806233,[0.11 0.95],0.02933241508398212,3.267,0.6438120926303127,RE_R1b,kbh
8,0.10140039407919352,[-0.65  0.75],0.8111734946944824,0.441,0.05567846928514564,RE_R1b,Te
8,-0.15596140736657127,[-0.78  0.62],0.7122797568368145,0.456,0.0651185008765528,RE_R1b,AvrALT
8,-0.2597388024825743,[-0.82  0.54],0.5344502801973209,0.509,0.09581780526346077,RE_R1b,DR1_45min
8,0.37664848999807243,[-0.45  0.85],0.35773261981238247,0.624,0.1548904888802129,RE_R1b,Toe
8,0.5422465634193341,[-0.26  0.9 ],0.16500468930308934,0.997,0.3002846387337926,RE_R1b,CL
8,0.7462312695316239,[0.09 0.95],0.03347456196971925,2.976,0.620397221908988,RE_R1b,khe
8,-0.22557045065520812,[-0.8   0.57],0.5911832584764013,0.488,0.08371269615645259,RE_R1b,R1_scan2
8,-0.2355953589293211,[-0.81  0.56],0.5743324680353344,0.494,0.08704915379267164,RE_R1b,R1_45min
7,0.35960505925444597,[-0.54  0.88],0.4282102142482898,0.602,0.12701246828791007,RE_R1b,AvrConTotBili
8,-0.37258462241060575,[-0.85  0.45],0.3633637528072178,0.618,0.15231875621586025,RE_R1b,Eo
8,-0.02672093932004982,[-0.72  0.69],0.9499220823919794,0.43,0.04939980536273215,RE_R1b,AUC35_Cl
8,-0.32869850538964496,[-0.84  0.49],0.4266432834087064,0.568,0.12706527295339368,RE_R1b,AvrBili
8,-0.18644295409634032,[-0.79  0.6 ],0.6584361532746433,0.468,0.07230988641294378,RE_R1b,CO
8,-0.488439482266158,[-0.89  0.33],0.2194114231469788,0.832,0.24347966491793058,RE_R1b,AvrAlb
8,-0.255802413415965,[-0.81  0.55],0.5408827452979799,0.507,0.09431577871601628,RE_R1b,DR1_scan2
8,-0.08053395987673648,[-0.74  0.66],0.8496504556332027,0.436,0.05317241575888276,RE_R1b,RE_Sl
8,0.8866262261045489,[0.48 0.98],0.0033404017874145656,15.392,0.9059490017573343,RE_R1b,To
8,0.0153000910285499,[-0.7   0.71],0.971316806058214,0.43,0.04908814495404801,RE_R1b,AvrALP
8,1.0,"[np.float64(1.0), np.float64(1.0)]",0.0,inf,1.0,RE_R1b,RE_R1b
