subject,study,parameter,value
LDS-002,control,S02a,10671.336172972942
LDS-002,control,S02l,7790.669099250587
LDS-002,control,BAT2,286.0840919274542
LDS-002,control,BAT,1.3506959361292332
LDS-002,control,CO,3.606952779826367
LDS-002,control,Thl,14.640800228728752
LDS-002,control,Dhl,64.20811524586867
LDS-002,control,To,32.91791838353487
LDS-002,control,Eo,19.5323024861743
LDS-002,control,Toe,8.003844296058908
LDS-002,control,Eb,6.936221660061488
LDS-002,control,H,45.0
LDS-002,control,ve,1.0025074349074525
LDS-002,control,Te,3.3025219471744087
LDS-002,control,De,3.0622920148470856
LDS-002,control,khe_i,25.949754462419346
LDS-002,control,khe_f,63.12936994783604
LDS-002,control,Th_i,48.64021901761128
LDS-002,control,Th_f,30.375906109122273
LDS-002,control,Th,39.50806256336678
LDS-002,control,khe,44.53956220512769
LDS-002,control,Kbh,2.531128926902212
LDS-002,control,Khe,4442.81614821534
LDS-002,control,kbh,2.5057541712229243
LDS-002,control,kbh_i,2.035301126609818
LDS-002,control,kbh_f,3.259079489166657
LDS-002,control,CL,0.3045077222112028
LDS-002,control,AUC_Cb,26.952164559159172
LDS-002,control,AUC_Cl,346.5191767393574
LDS-002,control,AUC35_Cb,17.569588841152765
LDS-002,control,AUC35_Cl,106.45521811370462
LDS-002,control,RE_R1b,9.496854288748661
LDS-002,control,RE_R1l,36.15870178052921
LDS-002,control,RE_Sb,9.982953554355657
LDS-002,control,RE_Sl,29.842224092821485
LDS-002,control,T1_1,0.756169983
LDS-002,control,T1_2,0.582789978
LDS-002,control,t1_MOLLI,10.691066388888888
LDS-002,control,t2_MOLLI,11.615237777777777
LDS-002,control,T1_3,0.739849976
LDS-002,control,t3_MOLLI,15.23359111111111
LDS-002,control,t0,10.831897916666666
LDS-002,control,t1,11.536601388888888
LDS-002,control,t2,15.418113194444441
LDS-002,control,t3,16.16719791666667
LDS-002,control,dt1,2.1774999999906868
LDS-002,control,dt2,2.1774999999906868
LDS-002,drug,S02a,10242.854729886223
LDS-002,drug,S02l,8507.372436718171
LDS-002,drug,BAT2,171.43288313301898
LDS-002,drug,BAT,1.3252855293581782
LDS-002,drug,CO,5.753983038232595
LDS-002,drug,Thl,8.236781912977625
LDS-002,drug,Dhl,68.67257622591363
LDS-002,drug,To,25.395755704595217
LDS-002,drug,Eo,14.057291012758553
LDS-002,drug,Toe,4.982543882405896
LDS-002,drug,Eb,5.306290856333922
LDS-002,drug,H,45.0
LDS-002,drug,ve,18.474968227267958
LDS-002,drug,Te,36.196450650333205
LDS-002,drug,De,72.1726707795789
LDS-002,drug,khe_i,2.520292432842841
LDS-002,drug,khe_f,3.4329294031414515
LDS-002,drug,Th_i,599.9999893926237
LDS-002,drug,Th_f,30.23013733861956
LDS-002,drug,Th,315.1150633656216
LDS-002,drug,khe,2.9766109179921463
LDS-002,drug,Kbh,0.31734439773185974
LDS-002,drug,Khe,16.111588834014043
LDS-002,drug,kbh,0.25871512107988376
LDS-002,drug,kbh_i,0.13587505535668315
LDS-002,drug,kbh_f,2.6968131457538007
LDS-002,drug,CL,0.02388555851041552
LDS-002,drug,AUC_Cb,22.208472184292795
LDS-002,drug,AUC_Cl,80.52580806979825
LDS-002,drug,AUC35_Cb,17.227721441012015
LDS-002,drug,AUC35_Cl,16.311879614079356
LDS-002,drug,RE_R1b,9.122948338789632
LDS-002,drug,RE_R1l,6.154124743395002
LDS-002,drug,RE_Sb,4.255517729394765
LDS-002,drug,RE_Sl,3.9962138693645155
LDS-002,drug,T1_1,0.81451001
LDS-002,drug,T1_2,0.718359985
LDS-002,drug,t1_MOLLI,9.388897222222221
LDS-002,drug,t2_MOLLI,10.505947777777777
LDS-002,drug,T1_3,0.75377002
LDS-002,drug,t3_MOLLI,12.230106944444445
LDS-002,drug,t0,9.71985763888889
LDS-002,drug,t1,10.424575694444446
LDS-002,drug,t2,12.390872222222223
LDS-002,drug,t3,13.110574305555556
LDS-002,drug,dt1,2.180000000000291
LDS-002,drug,dt2,2.180000000000291
LDS-003,control,S02a,11060.089572730427
LDS-003,control,S02l,8740.671099616015
LDS-003,control,BAT2,0.19309786934742684
LDS-003,control,BAT,1.21321811119077
LDS-003,control,CO,7.364691309969706
LDS-003,control,Thl,10.604072552272793
LDS-003,control,Dhl,34.71721572250523
LDS-003,control,To,17.45896952250813
LDS-003,control,Eo,17.552244125496806
LDS-003,control,Toe,2.3141782126465755
LDS-003,control,Eb,7.0321310380626905
LDS-003,control,H,45.0
LDS-003,control,ve,36.624485643754966
LDS-003,control,Te,59.99959238425666
LDS-003,control,De,88.39867213426128
LDS-003,control,khe_i,43.50050867151811
LDS-003,control,khe_f,4.530252853829653
LDS-003,control,Th_i,51.190068172800004
LDS-003,control,Th_f,10.000020011952408
LDS-003,control,Th,30.595044092376206
LDS-003,control,khe,24.015380762673885
LDS-003,control,Kbh,3.2685032156864384
LDS-003,control,Khe,65.57192637808109
LDS-003,control,kbh,2.071430724691689
LDS-003,control,kbh_i,1.2380431716228852
LDS-003,control,kbh_f,6.337538752972113
LDS-003,control,CL,0.2099117827247702
LDS-003,control,AUC_Cb,13.077368659426789
LDS-003,control,AUC_Cl,219.64400482464555
LDS-003,control,AUC35_Cb,12.496261233676146
LDS-003,control,AUC35_Cl,78.23373874835323
LDS-003,control,RE_R1b,5.890019680800087
LDS-003,control,RE_R1l,41.64030572710024
LDS-003,control,RE_Sb,28.865642819683675
LDS-003,control,RE_Sl,36.02204550854229
LDS-003,control,T1_1,0.706900024
LDS-003,control,T1_2,0.529400024
LDS-003,control,t1_MOLLI,10.707445833333333
LDS-003,control,t2_MOLLI,11.655478055555555
LDS-003,control,T1_3,0.659650024
LDS-003,control,t3_MOLLI,13.256730833333334
LDS-003,control,t0,10.869368749999998
LDS-003,control,t1,11.573717361111113
LDS-003,control,t2,13.460626388888889
LDS-003,control,t3,14.262859722222226
LDS-003,control,dt1,2.1775000000052387
LDS-003,control,dt2,2.1775000000052387
LDS-003,drug,S02a,12800.79813894095
LDS-003,drug,S02l,9275.908605926496
LDS-003,drug,BAT2,121.81723391546574
LDS-003,drug,BAT,1.1136748767573892
LDS-003,drug,CO,6.10229004365253
LDS-003,drug,Thl,13.17806333926924
LDS-003,drug,Dhl,48.33329608532031
LDS-003,drug,To,26.818815099760126
LDS-003,drug,Eo,10.80815872337
LDS-003,drug,Toe,6.3732598164253
LDS-003,drug,Eb,3.3980526253319945
LDS-003,drug,H,45.0
LDS-003,drug,ve,20.118849070697344
LDS-003,drug,Te,28.28341413464597
LDS-003,drug,De,65.13240901214282
LDS-003,drug,khe_i,3.2105140857188417
LDS-003,drug,khe_f,4.313198792810413
LDS-003,drug,Th_i,65.18604255046986
LDS-003,drug,Th_f,55.486777603768765
LDS-003,drug,Th,60.33641007711931
LDS-003,drug,khe,3.761856439264627
LDS-003,drug,Kbh,1.6573740444979153
LDS-003,drug,Khe,18.69816919469657
LDS-003,drug,kbh,1.3239294619484674
LDS-003,drug,kbh_i,1.2254333566492428
LDS-003,drug,kbh_f,1.4396429992697393
LDS-003,drug,CL,0.03241845912824968
LDS-003,drug,AUC_Cb,32.591840963147725
LDS-003,drug,AUC_Cl,72.9716581774003
LDS-003,drug,AUC35_Cb,19.995737682520616
LDS-003,drug,AUC35_Cl,19.83559781537468
LDS-003,drug,RE_R1b,12.595020581660798
LDS-003,drug,RE_R1l,6.709923663869405
LDS-003,drug,RE_Sb,4.158960416581606
LDS-003,drug,RE_Sl,4.630855952706361
LDS-003,drug,T1_1,0.725539978
LDS-003,drug,T1_2,0.689530029
LDS-003,drug,t1_MOLLI,10.03390277777778
LDS-003,drug,t2_MOLLI,11.0513975
LDS-003,drug,T1_3,0.709669983
LDS-003,drug,t3_MOLLI,12.17
LDS-003,drug,t0,10.267827083333337
LDS-003,drug,t1,10.97209861111111
LDS-003,drug,t2,12.29227361111111
LDS-003,drug,t3,12.99678611111111
LDS-003,drug,dt1,2.179999999985739
LDS-003,drug,dt2,2.179999999985739
LDS-004,control,S02a,6219.1498871125295
LDS-004,control,S02l,5710.5745896363405
LDS-004,control,BAT2,159.00032953263846
LDS-004,control,BAT,1.0844932206749804
LDS-004,control,CO,4.1347011193581205
LDS-004,control,Thl,18.75594473441108
LDS-004,control,Dhl,31.148139802832198
LDS-004,control,To,26.328184492733218
LDS-004,control,Eo,30.898208303861914
LDS-004,control,Toe,5.6037169464087775
LDS-004,control,Eb,14.908973146763907
LDS-004,control,H,45.0
LDS-004,control,ve,5.800437254820501
LDS-004,control,Te,25.544342464119076
LDS-004,control,De,56.45056013959465
LDS-004,control,khe_i,19.623930613783806
LDS-004,control,khe_f,28.148797954522337
LDS-004,control,Th_i,141.07537209101864
LDS-004,control,Th_f,217.80851874615027
LDS-004,control,Th,179.44194541858445
LDS-004,control,khe,23.88636428415307
LDS-004,control,Kbh,0.5572833027792352
LDS-004,control,Khe,411.80282166317915
LDS-004,control,kbh,0.5249584344699344
LDS-004,control,kbh_i,0.6677250702865705
LDS-004,control,kbh_f,0.4324879636822949
LDS-004,control,CL,0.2116445009279712
LDS-004,control,AUC_Cb,44.34621501995895
LDS-004,control,AUC_Cl,945.4444036525074
LDS-004,control,AUC35_Cb,36.75448259143732
LDS-004,control,AUC35_Cl,190.4285596166083
LDS-004,control,RE_R1b,18.188603362790033
LDS-004,control,RE_R1l,75.5024588592584
LDS-004,control,RE_Sb,6.01910403603376
LDS-004,control,RE_Sl,61.8378654514423
LDS-004,control,T1_1,0.802359985
LDS-004,control,T1_2,0.502459991
LDS-004,control,t1_MOLLI,9.83225138888889
LDS-004,control,t2_MOLLI,10.700175833333335
LDS-004,control,T1_3,0.649890015
LDS-004,control,t3_MOLLI,12.318023333333333
LDS-004,control,t0,9.95161875
LDS-004,control,t1,10.616713888888889
LDS-004,control,t2,12.43306875
LDS-004,control,t3,13.098650694444444
LDS-004,control,dt1,1.639999999999418
LDS-004,control,dt2,1.639999999999418
LDS-004,drug,S02a,7026.727858599466
LDS-004,drug,S02l,6217.504057851356
LDS-004,drug,BAT2,153.4451699392379
LDS-004,drug,BAT,1.0188970498297087
LDS-004,drug,CO,6.001229351848873
LDS-004,drug,Thl,21.09538003918464
LDS-004,drug,Dhl,33.078290064578745
LDS-004,drug,To,36.580942375641044
LDS-004,drug,Eo,22.192120057090314
LDS-004,drug,Toe,5.612492092607893
LDS-004,drug,Eb,5.108502761833045
LDS-004,drug,H,45.0
LDS-004,drug,ve,19.556461429504054
LDS-004,drug,Te,52.59878590427428
LDS-004,drug,De,80.40328659930256
LDS-004,drug,khe_i,1.7416730287949456
LDS-004,drug,khe_f,2.830244084726201
LDS-004,drug,Th_i,74.8218182246615
LDS-004,drug,Th_f,82.91206509350114
LDS-004,drug,Th,78.86694165908132
LDS-004,drug,khe,2.2859585567605736
LDS-004,drug,Kbh,1.2679583853050964
LDS-004,drug,Khe,11.689019330009462
LDS-004,drug,kbh,1.0199905927407429
LDS-004,drug,kbh_i,1.0751347732416037
LDS-004,drug,kbh_f,0.9702271735697161
LDS-004,drug,CL,0.022477290252612917
LDS-004,drug,AUC_Cb,87.9723197122686
LDS-004,drug,AUC_Cl,140.7214596416775
LDS-004,drug,AUC35_Cb,48.80727049473497
LDS-004,drug,AUC35_Cl,35.43028817675621
LDS-004,drug,RE_R1b,31.902185993172367
LDS-004,drug,RE_R1l,12.215144949843841
LDS-004,drug,RE_Sb,26.783505982348416
LDS-004,drug,RE_Sl,10.712681717567596
LDS-004,drug,T1_1,0.802289978
LDS-004,drug,T1_2,0.709969971
LDS-004,drug,t1_MOLLI,9.950175
LDS-004,drug,t2_MOLLI,10.983951666666668
LDS-004,drug,T1_3,0.742330017
LDS-004,drug,t3_MOLLI,12.499748888888888
LDS-004,drug,t0,10.231128472222222
LDS-004,drug,t1,10.895598611111112
LDS-004,drug,t2,12.62191736111111
LDS-004,drug,t3,13.396046527777774
LDS-004,drug,dt1,1.639999999999418
LDS-004,drug,dt2,1.639999999999418
LDS-006,control,S02a,6295.8308875987805
LDS-006,control,S02l,6545.682550338133
LDS-006,control,BAT2,143.0710219930932
LDS-006,control,BAT,1.1623611413922812
LDS-006,control,CO,4.425114583504892
LDS-006,control,Thl,16.64328398922914
LDS-006,control,Dhl,33.42835643501222
LDS-006,control,To,30.412666955566785
LDS-006,control,Eo,20.76804101494134
LDS-006,control,Toe,6.070399102590551
LDS-006,control,Eb,8.505042992746862
LDS-006,control,H,45.0
LDS-006,control,ve,19.27128891134062
LDS-006,control,Te,45.2620781381582
LDS-006,control,De,71.21048024711223
LDS-006,control,khe_i,40.617182858633875
LDS-006,control,khe_f,33.418596413581504
LDS-006,control,Th_i,45.89433115418892
LDS-006,control,Th_f,40.32490230278564
LDS-006,control,Th,43.10961672848728
LDS-006,control,khe,37.01788963610768
LDS-006,control,Kbh,2.319668036712536
LDS-006,control,Khe,192.08829158450158
LDS-006,control,kbh,1.8726381075736402
LDS-006,control,kbh_i,1.7590126941264077
LDS-006,control,kbh_f,2.0019567681155337
LDS-006,control,CL,0.2558491080534801
LDS-006,control,AUC_Cb,35.90307703704716
LDS-006,control,AUC_Cl,623.21893685952
LDS-006,control,AUC35_Cb,27.201055164959506
LDS-006,control,AUC35_Cl,197.21207891108577
LDS-006,control,RE_R1b,15.243614406928533
LDS-006,control,RE_R1l,93.60429260996682
LDS-006,control,RE_Sb,11.97607627169357
LDS-006,control,RE_Sl,75.75881903334445
LDS-006,control,T1_1,0.83976001
LDS-006,control,T1_2,0.498440002
LDS-006,control,t1_MOLLI,12.696229722222224
LDS-006,control,t2_MOLLI,13.722150833333334
LDS-006,control,T1_3,0.684710022
LDS-006,control,t3_MOLLI,15.167316944444444
LDS-006,control,t0,12.965188194444448
LDS-006,control,t1,13.629750000000003
LDS-006,control,t2,15.180714583333335
LDS-006,control,t3,15.863111111111115
LDS-006,control,dt1,1.639999999984866
LDS-006,control,dt2,1.639999999984866
LDS-006,drug,S02a,8295.700602725405
LDS-006,drug,S02l,6021.891658395051
LDS-006,drug,BAT2,158.31962386753383
LDS-006,drug,BAT,1.1698495800818278
LDS-006,drug,CO,8.045961491030214
LDS-006,drug,Thl,15.983929448751663
LDS-006,drug,Dhl,40.026055505935254
LDS-006,drug,To,27.737030169311897
LDS-006,drug,Eo,12.076570295260835
LDS-006,drug,Toe,6.6054673929289125
LDS-006,drug,Eb,2.6863244131873074
LDS-006,drug,H,45.0
LDS-006,drug,ve,31.70063992722763
LDS-006,drug,Te,42.251495628395396
LDS-006,drug,De,65.99867425674458
LDS-006,drug,khe_i,1.3967313738967555
LDS-006,drug,khe_f,2.419692745787489
LDS-006,drug,Th_i,128.66392251478663
LDS-006,drug,Th_f,81.15004994901918
LDS-006,drug,Th,104.90698623190292
LDS-006,drug,khe,1.9082120598421224
LDS-006,drug,Kbh,0.9532253626936175
LDS-006,drug,Khe,6.019474888275558
LDS-006,drug,kbh,0.6510468227711043
LDS-006,drug,kbh_i,0.5308353634634689
LDS-006,drug,kbh_f,0.8416428593165379
LDS-006,drug,CL,0.013467430231890648
LDS-006,drug,AUC_Cb,61.46224378947961
LDS-006,drug,AUC_Cl,109.44043406947974
LDS-006,drug,AUC35_Cb,30.58811340534543
LDS-006,drug,AUC35_Cl,27.081597970093338
LDS-006,drug,RE_R1b,20.76717876046467
LDS-006,drug,RE_R1l,9.546916380112929
LDS-006,drug,RE_Sb,25.10970368390103
LDS-006,drug,RE_Sl,7.57604777028895
LDS-006,drug,T1_1,0.83651001
LDS-006,drug,T1_2,0.75448999
LDS-006,drug,t1_MOLLI,11.117291666666667
LDS-006,drug,t2_MOLLI,12.116654722222222
LDS-006,drug,T1_3,0.790440002
LDS-006,drug,t3_MOLLI,13.725974444444445
LDS-006,drug,t0,11.36590138888889
LDS-006,drug,t1,12.030290972222222
LDS-006,drug,t2,13.833558333333333
LDS-006,drug,t3,14.497797222222225
LDS-006,drug,dt1,1.639999999984866
LDS-006,drug,dt2,1.639999999984866
LDS-007,control,S02a,6497.575708731592
LDS-007,control,S02l,7461.439285512554
LDS-007,control,BAT2,121.16427802117914
LDS-007,control,BAT,1.1278610474042299
LDS-007,control,CO,9.39284599173318
LDS-007,control,Thl,12.14141882777849
LDS-007,control,Dhl,32.600226072424135
LDS-007,control,To,19.123169396940476
LDS-007,control,Eo,19.816098529405718
LDS-007,control,Toe,4.566546863622205
LDS-007,control,Eb,3.202102321650984
LDS-007,control,H,45.0
LDS-007,control,ve,21.175554139560628
LDS-007,control,Te,57.9681145119969
LDS-007,control,De,95.11093886174659
LDS-007,control,khe_i,35.811538611573894
LDS-007,control,khe_f,29.985629768717253
LDS-007,control,Th_i,23.864159841994038
LDS-007,control,Th_f,35.61896912178767
LDS-007,control,Th,29.741564481890855
LDS-007,control,khe,32.89858419014558
LDS-007,control,Kbh,3.3622979067186716
LDS-007,control,Khe,155.36114886686119
LDS-007,control,kbh,2.650312693148145
LDS-007,control,kbh_i,3.3030471796342513
LDS-007,control,kbh_f,2.212990656493297
LDS-007,control,CL,0.3106169302822344
LDS-007,control,AUC_Cb,67.06861720263596
LDS-007,control,AUC_Cl,656.6836304300978
LDS-007,control,AUC35_Cb,36.4121566914554
LDS-007,control,AUC35_Cl,188.07329544304505
LDS-007,control,RE_R1b,24.77679298873401
LDS-007,control,RE_R1l,85.36895657455756
LDS-007,control,RE_Sb,19.07316135544974
LDS-007,control,RE_Sl,72.97111999670273
LDS-007,control,T1_1,0.855419983
LDS-007,control,T1_2,0.537539978
LDS-007,control,t1_MOLLI,14.784960833333333
LDS-007,control,t2_MOLLI,16.253286111111112
LDS-007,control,T1_3,0.601840027
LDS-007,control,t3_MOLLI,16.95506138888889
LDS-007,control,t0,15.300554861111111
LDS-007,control,t1,16.156451388888893
LDS-007,control,t2,17.149264583333334
LDS-007,control,t3,18.06257777777778
LDS-007,control,dt1,2.017500000009022
LDS-007,control,dt2,2.017500000009022
LDS-007,drug,S02a,4954.439511332078
LDS-007,drug,S02l,4990.203997963537
LDS-007,drug,BAT2,134.3575476390303
LDS-007,drug,BAT,1.0994840373347927
LDS-007,drug,CO,8.414039392724915
LDS-007,drug,Thl,12.94906482139464
LDS-007,drug,Dhl,36.53613967145006
LDS-007,drug,To,15.418434682298825
LDS-007,drug,Eo,19.395424985064068
LDS-007,drug,Toe,4.07794070792903
LDS-007,drug,Eb,3.067408297542809
LDS-007,drug,H,45.0
LDS-007,drug,ve,18.947335325041262
LDS-007,drug,Te,38.9027678562344
LDS-007,drug,De,77.13014308021039
LDS-007,drug,khe_i,2.2981211016571605
LDS-007,drug,khe_f,1.334156419820806
LDS-007,drug,Th_i,10.065630523113942
LDS-007,drug,Th_f,288.25620217621065
LDS-007,drug,Th,149.1609163496623
LDS-007,drug,khe,1.8161387607389832
LDS-007,drug,Kbh,0.6704169057635747
LDS-007,drug,Khe,9.585193535571884
LDS-007,drug,kbh,0.5433907665527844
LDS-007,drug,kbh_i,8.052418026753081
LDS-007,drug,kbh_f,0.2811827258634711
LDS-007,drug,CL,0.020259967873143145
LDS-007,drug,AUC_Cb,78.45760897910895
LDS-007,drug,AUC_Cl,143.33091901306756
LDS-007,drug,AUC35_Cb,44.71988702851583
LDS-007,drug,AUC35_Cl,32.421744133063825
LDS-007,drug,RE_R1b,29.393908423609172
LDS-007,drug,RE_R1l,11.69932123843937
LDS-007,drug,RE_Sb,34.26531533732706
LDS-007,drug,RE_Sl,9.464872155380013
LDS-007,drug,T1_1,0.84047998
LDS-007,drug,T1_2,0.754640015
LDS-007,drug,t1_MOLLI,14.15736361111111
LDS-007,drug,t2_MOLLI,15.653799444444445
LDS-007,drug,T1_3,0.80072998
LDS-007,drug,t3_MOLLI,16.670309444444445
LDS-007,drug,t0,14.741622916666666
LDS-007,drug,t1,15.560892361111108
LDS-007,drug,t2,16.807867361111114
LDS-007,drug,t3,17.695081944444446
LDS-007,drug,dt1,2.0174999999944703
LDS-007,drug,dt2,2.0174999999944703
LDS-008,control,S02a,9768.903912174352
LDS-008,control,S02l,7668.743832625052
LDS-008,control,BAT2,126.53708380476729
LDS-008,control,BAT,1.2435121932522242
LDS-008,control,CO,10.737320899508111
LDS-008,control,Thl,16.264251581252534
LDS-008,control,Dhl,42.40617242150723
LDS-008,control,To,22.623823957379244
LDS-008,control,Eo,15.521945629462714
LDS-008,control,Toe,4.632348779277776
LDS-008,control,Eb,4.764627209843034
LDS-008,control,H,45.0
LDS-008,control,ve,13.666125709373835
LDS-008,control,Te,18.811914910765076
LDS-008,control,De,47.35023091693808
LDS-008,control,khe_i,39.58010694997721
LDS-008,control,khe_f,24.477988824636068
LDS-008,control,Th_i,22.987474556868243
LDS-008,control,Th_f,44.154295012506964
LDS-008,control,Th,33.5708847846876
LDS-008,control,khe,32.02904788730664
LDS-008,control,Kbh,2.978771654109401
LDS-008,control,Khe,234.36816379742032
LDS-008,control,kbh,2.5716889752636156
LDS-008,control,kbh_i,3.755691999877871
LDS-008,control,kbh_f,1.9552769275598576
LDS-008,control,CL,0.32967789878217635
LDS-008,control,AUC_Cb,39.757515905829294
LDS-008,control,AUC_Cl,434.21568164163
LDS-008,control,AUC35_Cb,28.287321695453798
LDS-008,control,AUC35_Cl,162.37483445476937
LDS-008,control,RE_R1b,18.348989657630803
LDS-008,control,RE_R1l,65.14863086623336
LDS-008,control,RE_Sb,12.386171118343734
LDS-008,control,RE_Sl,54.35635437370154
LDS-008,control,T1_1,0.74397998
LDS-008,control,T1_2,0.46023999
LDS-008,control,t1_MOLLI,14.109626388888888
LDS-008,control,t2_MOLLI,15.427624999999999
LDS-008,control,T1_3,0.574929993
LDS-008,control,t3_MOLLI,16.416276944444444
LDS-008,control,t0,14.62266805555556
LDS-008,control,t1,15.326749999999997
LDS-008,control,t2,16.562825000000004
LDS-008,control,t3,17.31208125
LDS-008,control,dt1,2.179999999993015
LDS-008,control,dt2,2.179999999993015
LDS-008,drug,S02a,7213.223768396059
LDS-008,drug,S02l,5896.520453735286
LDS-008,drug,BAT2,136.77218145075508
LDS-008,drug,BAT,1.1799654480325228
LDS-008,drug,CO,9.500154474694938
LDS-008,drug,Thl,14.676193458594227
LDS-008,drug,Dhl,43.944520731578834
LDS-008,drug,To,26.042065917145944
LDS-008,drug,Eo,9.013580634208358
LDS-008,drug,Toe,8.875789702166209
LDS-008,drug,Eb,2.621428032729953
LDS-008,drug,H,45.0
LDS-008,drug,ve,16.572115129894215
LDS-008,drug,Te,32.118696555963844
LDS-008,drug,De,59.26579989105174
LDS-008,drug,khe_i,1.2538543833856273
LDS-008,drug,khe_f,2.931723731482229
LDS-008,drug,Th_i,347.96309972052484
LDS-008,drug,Th_f,71.12743361579295
LDS-008,drug,Th,209.5452666681589
LDS-008,drug,khe,2.092789057433928
LDS-008,drug,Kbh,0.4772238552081565
LDS-008,drug,Khe,12.628376287700139
LDS-008,drug,kbh,0.3981377684957411
LDS-008,drug,kbh_i,0.2397607244478307
LDS-008,drug,kbh_f,1.1729354009980992
LDS-008,drug,CL,0.01843044113275309
LDS-008,drug,AUC_Cb,79.901355095907
LDS-008,drug,AUC_Cl,148.41932009381037
LDS-008,drug,AUC35_Cb,41.15368135742984
LDS-008,drug,AUC35_Cl,26.61989971572405
LDS-008,drug,RE_R1b,25.194431081646297
LDS-008,drug,RE_R1l,7.663164696877906
LDS-008,drug,RE_Sb,21.0039755425488
LDS-008,drug,RE_Sl,4.536316549971405
LDS-008,drug,T1_1,0.70625
LDS-008,drug,T1_2,0.615119995
LDS-008,drug,t1_MOLLI,15.056535833333333
LDS-008,drug,t2_MOLLI,16.171455833333333
LDS-008,drug,T1_3,0.656880005
LDS-008,drug,t3_MOLLI,17.143570555555556
LDS-008,drug,t0,15.203774999999998
LDS-008,drug,t1,16.061185416666664
LDS-008,drug,t2,17.31594027777778
LDS-008,drug,t3,18.12817777777778
LDS-008,drug,dt1,1.9550000000162981
LDS-008,drug,dt2,1.9550000000162981
LDS-009,control,S02a,5614.095989879327
LDS-009,control,S02l,4185.8233331507845
LDS-009,control,BAT2,129.4158887141668
LDS-009,control,BAT,1.3030721919139352
LDS-009,control,CO,11.388944922614348
LDS-009,control,Thl,9.41827282156907
LDS-009,control,Dhl,51.71816688353875
LDS-009,control,To,35.43864878731361
LDS-009,control,Eo,13.825573476248785
LDS-009,control,Toe,6.645758566779027
LDS-009,control,Eb,5.701092055342727
LDS-009,control,H,45.0
LDS-009,control,ve,15.884277898652005
LDS-009,control,Te,36.24849575309691
LDS-009,control,De,72.7236411223615
LDS-009,control,khe_i,22.937511028256786
LDS-009,control,khe_f,20.67653063012903
LDS-009,control,Th_i,30.451269550126923
LDS-009,control,Th_f,26.672839876272942
LDS-009,control,Th,28.562054713199934
LDS-009,control,khe,21.807020829192904
LDS-009,control,Kbh,3.5011486744959237
LDS-009,control,Khe,137.28682517600328
LDS-009,control,kbh,2.94501648939402
LDS-009,control,kbh_i,2.7623059184078382
LDS-009,control,kbh_f,3.1536095328257066
LDS-009,control,CL,0.25865669598314656
LDS-009,control,AUC_Cb,41.78664927044066
LDS-009,control,AUC_Cl,287.4620386098399
LDS-009,control,AUC35_Cb,29.52312405265828
LDS-009,control,AUC35_Cl,108.62345448492971
LDS-009,control,RE_R1b,17.91278058980001
LDS-009,control,RE_R1l,51.206636465440795
LDS-009,control,RE_Sb,3.7769611044079423
LDS-009,control,RE_Sl,40.87363225313824
LDS-009,control,T1_1,0.847049988
LDS-009,control,T1_2,0.621599976
LDS-009,control,t1_MOLLI,13.793121388888888
LDS-009,control,t2_MOLLI,15.155603333333334
LDS-009,control,T1_3,0.726429993
LDS-009,control,t3_MOLLI,16.022020555555557
LDS-009,control,t0,14.234743750000002
LDS-009,control,t1,15.06007291666667
LDS-009,control,t2,16.22125833333333
LDS-009,control,t3,17.043949305555554
LDS-009,control,dt1,1.9549999999944703
LDS-009,control,dt2,1.9549999999944703
LDS-009,drug,S02a,5523.416975735984
LDS-009,drug,S02l,4208.138997582618
LDS-009,drug,BAT2,153.70688012129347
LDS-009,drug,BAT,1.2887340587275802
LDS-009,drug,CO,10.383727633630425
LDS-009,drug,Thl,14.795897473088836
LDS-009,drug,Dhl,55.633996665606404
LDS-009,drug,To,45.44948440300113
LDS-009,drug,Eo,10.213302195923038
LDS-009,drug,Toe,8.03444830964184
LDS-009,drug,Eb,2.618835596752699
LDS-009,drug,H,45.0
LDS-009,drug,ve,22.61612218935244
LDS-009,drug,Te,58.17904689374618
LDS-009,drug,De,69.8638943651516
LDS-009,drug,khe_i,0.8219715427284138
LDS-009,drug,khe_f,1.5000404708168007
LDS-009,drug,Th_i,57.437136504065116
LDS-009,drug,Th_f,35.478593760320244
LDS-009,drug,Th,46.45786513219268
LDS-009,drug,khe,1.1610060067726071
LDS-009,drug,Kbh,2.1524880602123417
LDS-009,drug,Khe,5.133532605864693
LDS-009,drug,kbh,1.6656787304034961
LDS-009,drug,kbh_i,1.347279521937357
LDS-009,drug,kbh_f,2.1811427570501616
LDS-009,drug,CL,0.01392993131390546
LDS-009,drug,AUC_Cb,95.12606752548353
LDS-009,drug,AUC_Cl,79.39721845555465
LDS-009,drug,AUC35_Cb,42.863303373030334
LDS-009,drug,AUC35_Cl,24.349543940820954
LDS-009,drug,RE_R1b,31.623342318710318
LDS-009,drug,RE_R1l,9.041410348298998
LDS-009,drug,RE_Sb,22.023857209480585
LDS-009,drug,RE_Sl,5.562230479795377
LDS-009,drug,T1_1,0.881320007
LDS-009,drug,T1_2,0.817150024
LDS-009,drug,t1_MOLLI,13.91894138888889
LDS-009,drug,t2_MOLLI,15.152950277777778
LDS-009,drug,T1_3,0.829539978
LDS-009,drug,t3_MOLLI,16.536290555555556
LDS-009,drug,t0,14.272476388888892
LDS-009,drug,t1,15.06698472222222
LDS-009,drug,t2,16.663223611111114
LDS-009,drug,t3,17.474514583333335
LDS-009,drug,dt1,1.9549999999944703
LDS-009,drug,dt2,1.9549999999944703
LDS-010,control,S02a,6967.478796342874
LDS-010,control,S02l,5657.792190464586
LDS-010,control,BAT2,141.87399113603976
LDS-010,control,BAT,1.2937271504745833
LDS-010,control,CO,7.121990662638001
LDS-010,control,Thl,9.730773100307557
LDS-010,control,Dhl,58.76958719738163
LDS-010,control,To,46.74759800156098
LDS-010,control,Eo,14.240908567670859
LDS-010,control,Toe,8.961321801544944
LDS-010,control,Eb,3.461421813385375
LDS-010,control,H,45.0
LDS-010,control,ve,15.225286048210629
LDS-010,control,Te,39.061742578992515
LDS-010,control,De,74.60718613994918
LDS-010,control,khe_i,26.4304180565601
LDS-010,control,khe_f,30.085265565859242
LDS-010,control,Th_i,26.002871745752508
LDS-010,control,Th_f,26.101913036597683
LDS-010,control,Th,26.052392391175097
LDS-010,control,khe,28.25784181120967
LDS-010,control,Kbh,3.838419078697497
LDS-010,control,Khe,185.59810122273996
LDS-010,control,kbh,3.254008794236712
LDS-010,control,kbh_i,3.260205825752191
LDS-010,control,kbh_f,3.2478352767832046
LDS-010,control,CL,0.3040236087724031
LDS-010,control,AUC_Cb,78.63774756796393
LDS-010,control,AUC_Cl,562.8251190876815
LDS-010,control,AUC35_Cb,37.21383149781865
LDS-010,control,AUC35_Cl,151.7973835977772
LDS-010,control,RE_R1b,21.07237195703773
LDS-010,control,RE_R1l,63.36990678028114
LDS-010,control,RE_Sb,10.056052018883657
LDS-010,control,RE_Sl,51.682063828141736
LDS-010,control,T1_1,0.806320007
LDS-010,control,T1_2,0.561890015
LDS-010,control,t1_MOLLI,13.861661944444444
LDS-010,control,t2_MOLLI,15.021078611111111
LDS-010,control,T1_3,0.715039978
LDS-010,control,t3_MOLLI,16.133095833333332
LDS-010,control,t0,14.110215277777774
LDS-010,control,t1,14.936165972222225
LDS-010,control,t2,16.302099305555558
LDS-010,control,t3,17.136295833333335
LDS-010,control,dt1,2.017500000023574
LDS-010,control,dt2,2.017500000023574
LDS-010,drug,S02a,7287.338690093733
LDS-010,drug,S02l,5037.251987931226
LDS-010,drug,BAT2,128.4393294223804
LDS-010,drug,BAT,1.3808442321318204
LDS-010,drug,CO,7.411803198690125
LDS-010,drug,Thl,14.778585828516691
LDS-010,drug,Dhl,53.09410756561568
LDS-010,drug,To,43.35599887867731
LDS-010,drug,Eo,14.72362868546443
LDS-010,drug,Toe,9.2205614885765
LDS-010,drug,Eb,2.9055488206072564
LDS-010,drug,H,45.0
LDS-010,drug,ve,24.235547372740346
LDS-010,drug,Te,55.14027853452556
LDS-010,drug,De,73.61304469982423
LDS-010,drug,khe_i,0.9684114755420469
LDS-010,drug,khe_f,1.681256733975592
LDS-010,drug,Th_i,59.67099095872344
LDS-010,drug,Th_f,265.4150317964651
LDS-010,drug,Th,162.54301137759427
LDS-010,drug,khe,1.3248341047588195
LDS-010,drug,Kbh,0.6152217751626109
LDS-010,drug,Khe,5.466491366516301
LDS-010,drug,kbh,0.46611941039566224
LDS-010,drug,kbh_i,1.2697032747397916
LDS-010,drug,kbh_f,0.2854565248789678
LDS-010,drug,CL,0.014693335273940613
LDS-010,drug,AUC_Cb,85.48407071325092
LDS-010,drug,AUC_Cl,114.54866740578893
LDS-010,drug,AUC35_Cb,36.32013127405342
LDS-010,drug,AUC35_Cl,24.046141721828302
LDS-010,drug,RE_R1b,22.65591298733508
LDS-010,drug,RE_R1l,7.859072028724023
LDS-010,drug,RE_Sb,24.14803290252962
LDS-010,drug,RE_Sl,5.852072806945635
LDS-010,drug,T1_1,0.830440002
LDS-010,drug,T1_2,0.754059998
LDS-010,drug,t1_MOLLI,13.904785833333333
LDS-010,drug,t2_MOLLI,15.0236775
LDS-010,drug,T1_3,0.78526001
LDS-010,drug,t3_MOLLI,15.878364444444445
LDS-010,drug,t0,14.096326388888885
LDS-010,drug,t1,14.940625694444446
LDS-010,drug,t2,16.064747916666665
LDS-010,drug,t3,16.885713194444445
LDS-010,drug,dt1,2.0200000000259024
LDS-010,drug,dt2,2.0200000000259024
