subject,study,parameter,value
LDS-001,control,S02a,9791.446678
LDS-001,control,S02l,7650.87574
LDS-001,control,BAT2,143.3584656
LDS-001,control,BAT,1.185074791
LDS-001,control,CO,12.95519713
LDS-001,control,Thl,26.71166353
LDS-001,control,Dhl,63.77053961
LDS-001,control,To,22.68737205
LDS-001,control,Eo,14.15362485
LDS-001,control,Toe,7.504397975
LDS-001,control,Eb,6.238714052
LDS-001,control,H,45
LDS-001,control,ve,29.69681969
LDS-001,control,Te,39.663786
LDS-001,control,De,72.15730651
LDS-001,control,khe_i,38.04318139
LDS-001,control,khe_f,8.082280765
LDS-001,control,Th_i,18.93225205
LDS-001,control,Th_f,141.9902274
LDS-001,control,Th,80.46123973
LDS-001,control,khe,23.06273108
LDS-001,control,Kbh,1.242834442
LDS-001,control,Khe,77.66060918
LDS-001,control,kbh,0.873752139
LDS-001,control,kbh_i,3.713408215
LDS-001,control,kbh_f,0.495126894
LDS-001,control,CL,0.255123017
LDS-001,control,AUC_Cb,150.5844939
LDS-001,control,AUC_Cl,2572.633692
LDS-001,control,AUC35_Cb,106.8757228
LDS-001,control,AUC35_Cl,671.0833273
LDS-001,control,RE_R1b,60.10953378
LDS-001,control,RE_R1l,260.2982625
LDS-001,control,RE_Sb,46.32785931
LDS-001,control,RE_Sl,176.7902029
LDS-001,control,T1_1,0.762049988
LDS-001,control,T1_2,0.164630005
LDS-001,control,T1_3,0.269029999
LDS-001,control,t1_MOLLI,9.437863611
LDS-001,control,t2_MOLLI,10.4112
LDS-001,control,t3_MOLLI,11.58811444
LDS-001,control,t0,9.632315972
LDS-001,control,t1,10.33678194
LDS-001,control,t2,11.73944722
LDS-001,control,t3,12.57247569
LDS-001,control,dt1,2.18
LDS-001,control,dt2,2.18
LDS-002,control,S02a,10674.25905
LDS-002,control,S02l,7783.439504
LDS-002,control,BAT2,286.0949796
LDS-002,control,BAT,1.364150205
LDS-002,control,CO,3.530442232
LDS-002,control,Thl,14.11835733
LDS-002,control,Dhl,68.95823206
LDS-002,control,To,36.70744886
LDS-002,control,Eo,19.36662474
LDS-002,control,Toe,9.408911395
LDS-002,control,Eb,6.398950959
LDS-002,control,H,45
LDS-002,control,ve,1.017634784
LDS-002,control,Te,3.744219812
LDS-002,control,De,8.944394166
LDS-002,control,khe_i,25.81003995
LDS-002,control,khe_f,62.70528475
LDS-002,control,Th_i,49.59682294
LDS-002,control,Th_f,31.23112295
LDS-002,control,Th,40.41397294
LDS-002,control,khe,44.25766235
LDS-002,control,Kbh,2.474391719
LDS-002,control,Khe,4349.0713
LDS-002,control,kbh,2.449211448
LDS-002,control,kbh_i,1.995740036
LDS-002,control,kbh_f,3.169350183
LDS-002,control,CL,0.302580432
LDS-002,control,AUC_Cb,29.5844017
LDS-002,control,AUC_Cl,388.4289489
LDS-002,control,AUC35_Cb,17.42235186
LDS-002,control,AUC35_Cl,105.4573907
LDS-002,control,RE_R1b,9.359878693
LDS-002,control,RE_R1l,35.79775673
LDS-002,control,RE_Sb,9.982953554
LDS-002,control,RE_Sl,29.84222409
LDS-002,control,T1_1,0.756169983
LDS-002,control,T1_2,0.582789978
LDS-002,control,T1_3,0.739849976
LDS-002,control,t1_MOLLI,10.69106639
LDS-002,control,t2_MOLLI,11.61523778
LDS-002,control,t3_MOLLI,15.23359111
LDS-002,control,t0,10.83189792
LDS-002,control,t1,11.53660139
LDS-002,control,t2,15.41811319
LDS-002,control,t3,16.16719792
LDS-002,control,dt1,2.1775
LDS-002,control,dt2,2.1775
LDS-002,drug,S02a,10242.84977
LDS-002,drug,S02l,8507.376391
LDS-002,drug,BAT2,171.4329325
LDS-002,drug,BAT,1.325354385
LDS-002,drug,CO,5.754899672
LDS-002,drug,Thl,8.232801682
LDS-002,drug,Dhl,68.68894339
LDS-002,drug,To,25.39626759
LDS-002,drug,Eo,14.05559347
LDS-002,drug,Toe,4.98280832
LDS-002,drug,Eb,5.305401346
LDS-002,drug,H,45
LDS-002,drug,ve,18.47517685
LDS-002,drug,Te,36.19486215
LDS-002,drug,De,72.17185053
LDS-002,drug,khe_i,2.520291977
LDS-002,drug,khe_f,3.43290115
LDS-002,drug,Th_i,599.9999896
LDS-002,drug,Th_f,30.2301026
LDS-002,drug,Th,315.1150461
LDS-002,drug,khe,2.976596564
LDS-002,drug,Kbh,0.317344415
LDS-002,drug,Khe,16.11132921
LDS-002,drug,kbh,0.258714473
LDS-002,drug,kbh_i,0.135874708
LDS-002,drug,kbh_f,2.696809344
LDS-002,drug,CL,0.023885443
LDS-002,drug,AUC_Cb,22.20770607
LDS-002,drug,AUC_Cl,80.52310857
LDS-002,drug,AUC35_Cb,17.22683486
LDS-002,drug,AUC35_Cl,16.31114839
LDS-002,drug,RE_R1b,9.122879409
LDS-002,drug,RE_R1l,6.153960277
LDS-002,drug,RE_Sb,4.255517729
LDS-002,drug,RE_Sl,3.996213869
LDS-002,drug,T1_1,0.81451001
LDS-002,drug,T1_2,0.718359985
LDS-002,drug,T1_3,0.75377002
LDS-002,drug,t1_MOLLI,9.388897222
LDS-002,drug,t2_MOLLI,10.50594778
LDS-002,drug,t3_MOLLI,12.23010694
LDS-002,drug,t0,9.719857639
LDS-002,drug,t1,10.42457569
LDS-002,drug,t2,12.39087222
LDS-002,drug,t3,13.11057431
LDS-002,drug,dt1,2.18
LDS-002,drug,dt2,2.18
LDS-003,control,S02a,11049.16341
LDS-003,control,S02l,8752.177392
LDS-003,control,BAT2,35.55256679
LDS-003,control,BAT,1.261645582
LDS-003,control,CO,7.430946496
LDS-003,control,Thl,8.511603569
LDS-003,control,Dhl,54.97418421
LDS-003,control,To,22.08094346
LDS-003,control,Eo,15.50423364
LDS-003,control,Toe,3.350952163
LDS-003,control,Eb,7.146788757
LDS-003,control,H,45
LDS-003,control,ve,34.61773906
LDS-003,control,Te,59.99947165
LDS-003,control,De,89.48785714
LDS-003,control,khe_i,48.71167327
LDS-003,control,khe_f,0.002324032
LDS-003,control,Th_i,45.14609588
LDS-003,control,Th_f,11.80620205
LDS-003,control,Th,28.47614897
LDS-003,control,khe,24.35699865
LDS-003,control,Kbh,3.511710805
LDS-003,control,Khe,70.35987709
LDS-003,control,kbh,2.296035922
LDS-003,control,kbh_i,1.448237321
LDS-003,control,kbh_f,5.537958833
LDS-003,control,CL,0.21289777
LDS-003,control,AUC_Cb,12.80586376
LDS-003,control,AUC_Cl,215.797825
LDS-003,control,AUC35_Cb,11.65918358
LDS-003,control,AUC35_Cl,75.86446453
LDS-003,control,RE_R1b,5.778309117
LDS-003,control,RE_R1l,41.12843794
LDS-003,control,RE_Sb,4.952188691
LDS-003,control,RE_Sl,35.33095667
LDS-003,control,T1_1,0.706900024
LDS-003,control,T1_2,0.529400024
LDS-003,control,T1_3,0.659650024
LDS-003,control,t1_MOLLI,10.70744583
LDS-003,control,t2_MOLLI,11.65547806
LDS-003,control,t3_MOLLI,13.25673083
LDS-003,control,t0,10.86936875
LDS-003,control,t1,11.57371736
LDS-003,control,t2,13.46062639
LDS-003,control,t3,14.26285972
LDS-003,control,dt1,2.1775
LDS-003,control,dt2,2.1775
LDS-003,drug,S02a,12804.84391
LDS-003,drug,S02l,9280.113559
LDS-003,drug,BAT2,121.8222617
LDS-003,drug,BAT,1.119484794
LDS-003,drug,CO,6.172199239
LDS-003,drug,Thl,12.68760922
LDS-003,drug,Dhl,48.91284168
LDS-003,drug,To,26.39025953
LDS-003,drug,Eo,10.94663531
LDS-003,drug,Toe,6.110605905
LDS-003,drug,Eb,3.408429548
LDS-003,drug,H,45
LDS-003,drug,ve,20.08817444
LDS-003,drug,Te,28.34695838
LDS-003,drug,De,65.3739663
LDS-003,drug,khe_i,3.214087279
LDS-003,drug,khe_f,4.24546685
LDS-003,drug,Th_i,65.68067667
LDS-003,drug,Th_f,56.49283232
LDS-003,drug,Th,61.08675449
LDS-003,drug,khe,3.729777065
LDS-003,drug,Kbh,1.63701609
LDS-003,drug,Khe,18.56702846
LDS-003,drug,kbh,1.308169442
LDS-003,drug,kbh_i,1.216671776
LDS-003,drug,kbh_f,1.414548046
LDS-003,drug,CL,0.032142009
LDS-003,drug,AUC_Cb,32.1528407
LDS-003,drug,AUC_Cl,72.42152455
LDS-003,drug,AUC35_Cb,20.08004579
LDS-003,drug,AUC35_Cl,19.85894685
LDS-003,drug,RE_R1b,12.6317531
LDS-003,drug,RE_R1l,6.726986498
LDS-003,drug,RE_Sb,4.519528498
LDS-003,drug,RE_Sl,4.715206942
LDS-003,drug,T1_1,0.725539978
LDS-003,drug,T1_2,0.689530029
LDS-003,drug,T1_3,0.709669983
LDS-003,drug,t1_MOLLI,10.03390278
LDS-003,drug,t2_MOLLI,11.0513975
LDS-003,drug,t3_MOLLI,12.17
LDS-003,drug,t0,10.26782708
LDS-003,drug,t1,10.97209861
LDS-003,drug,t2,12.29227361
LDS-003,drug,t3,12.99678611
LDS-003,drug,dt1,2.18
LDS-003,drug,dt2,2.18
LDS-004,control,S02a,6219.152776
LDS-004,control,S02l,5710.575112
LDS-004,control,BAT2,159.0003676
LDS-004,control,BAT,1.084529531
LDS-004,control,CO,4.134721683
LDS-004,control,Thl,18.75367676
LDS-004,control,Dhl,31.15069527
LDS-004,control,To,26.33029038
LDS-004,control,Eo,30.89780642
LDS-004,control,Toe,5.603692654
LDS-004,control,Eb,14.90906737
LDS-004,control,H,45
LDS-004,control,ve,5.799955999
LDS-004,control,Te,25.54286868
LDS-004,control,De,56.44863085
LDS-004,control,khe_i,19.62407218
LDS-004,control,khe_f,28.14873485
LDS-004,control,Th_i,141.0700975
LDS-004,control,Th_f,217.8181587
LDS-004,control,Th,179.4441281
LDS-004,control,khe,23.88640352
LDS-004,control,Kbh,0.557276524
LDS-004,control,Khe,411.8376678
LDS-004,control,kbh,0.524954731
LDS-004,control,kbh_i,0.667753448
LDS-004,control,kbh_f,0.432471033
LDS-004,control,CL,0.211644849
LDS-004,control,AUC_Cb,44.345786
LDS-004,control,AUC_Cl,945.439849
LDS-004,control,AUC35_Cb,36.75428283
LDS-004,control,AUC35_Cl,190.4286719
LDS-004,control,RE_R1b,18.18839906
LDS-004,control,RE_R1l,75.50251136
LDS-004,control,RE_Sb,6.019104036
LDS-004,control,RE_Sl,61.83786545
LDS-004,control,T1_1,0.802359985
LDS-004,control,T1_2,0.502459991
LDS-004,control,T1_3,0.649890015
LDS-004,control,t1_MOLLI,9.832251389
LDS-004,control,t2_MOLLI,10.70017583
LDS-004,control,t3_MOLLI,12.31802333
LDS-004,control,t0,9.95161875
LDS-004,control,t1,10.61671389
LDS-004,control,t2,12.43306875
LDS-004,control,t3,13.09865069
LDS-004,control,dt1,1.64
LDS-004,control,dt2,1.64
LDS-004,drug,S02a,7024.714421
LDS-004,drug,S02l,6219.081753
LDS-004,drug,BAT2,153.4522555
LDS-004,drug,BAT,1.025885862
LDS-004,drug,CO,6.054781655
LDS-004,drug,Thl,20.4468661
LDS-004,drug,Dhl,32.24616952
LDS-004,drug,To,36.32544406
LDS-004,drug,Eo,22.09108625
LDS-004,drug,Toe,5.581514031
LDS-004,drug,Eb,5.073389135
LDS-004,drug,H,45
LDS-004,drug,ve,19.54298431
LDS-004,drug,Te,52.74831323
LDS-004,drug,De,80.48764635
LDS-004,drug,khe_i,1.735597611
LDS-004,drug,khe_f,2.817058939
LDS-004,drug,Th_i,75.58958642
LDS-004,drug,Th_f,83.39090885
LDS-004,drug,Th,79.49024764
LDS-004,drug,khe,2.276328275
LDS-004,drug,Kbh,1.258015958
LDS-004,drug,Khe,11.64780281
LDS-004,drug,kbh,1.012162096
LDS-004,drug,kbh_i,1.064392855
LDS-004,drug,kbh_f,0.96481759
LDS-004,drug,CL,0.022382598
LDS-004,drug,AUC_Cb,87.6528692
LDS-004,drug,AUC_Cl,140.4385092
LDS-004,drug,AUC35_Cb,48.78091935
LDS-004,drug,AUC35_Cl,35.37561949
LDS-004,drug,RE_R1b,31.95725974
LDS-004,drug,RE_R1l,12.21774594
LDS-004,drug,RE_Sb,26.95146987
LDS-004,drug,RE_Sl,10.77028965
LDS-004,drug,T1_1,0.802289978
LDS-004,drug,T1_2,0.709969971
LDS-004,drug,T1_3,0.742330017
LDS-004,drug,t1_MOLLI,9.950175
LDS-004,drug,t2_MOLLI,10.98395167
LDS-004,drug,t3_MOLLI,12.49974889
LDS-004,drug,t0,10.23112847
LDS-004,drug,t1,10.89559861
LDS-004,drug,t2,12.62191736
LDS-004,drug,t3,13.39604653
LDS-004,drug,dt1,1.64
LDS-004,drug,dt2,1.64
LDS-005,control,S02a,7722.01237
LDS-005,control,S02l,9106.658198
LDS-005,control,BAT2,167.1822332
LDS-005,control,BAT,1.28490857
LDS-005,control,CO,6.615338145
LDS-005,control,Thl,10.35168925
LDS-005,control,Dhl,56.03016428
LDS-005,control,To,22.4405478
LDS-005,control,Eo,17.49948253
LDS-005,control,Toe,4.608895386
LDS-005,control,Eb,6.620830511
LDS-005,control,H,45
LDS-005,control,ve,18.18433353
LDS-005,control,Te,39.04793076
LDS-005,control,De,79.5298794
LDS-005,control,khe_i,34.85081405
LDS-005,control,khe_f,24.18142115
LDS-005,control,Th_i,32.10265144
LDS-005,control,Th_f,35.53299922
LDS-005,control,Th,33.81782533
LDS-005,control,khe,29.5161176
LDS-005,control,Kbh,2.957020418
LDS-005,control,Khe,162.3161913
LDS-005,control,kbh,2.419305963
LDS-005,control,kbh_i,2.548564146
LDS-005,control,kbh_f,2.302526335
LDS-005,control,CL,0.208183749
LDS-005,control,AUC_Cb,46.36812758
LDS-005,control,AUC_Cl,527.2114884
LDS-005,control,AUC35_Cb,37.76309181
LDS-005,control,AUC35_Cl,211.8543399
LDS-005,control,RE_R1b,15.77287754
LDS-005,control,RE_R1l,96.75525742
LDS-005,control,RE_Sb,2.180114906
LDS-005,control,RE_Sl,75.13629109
LDS-005,control,T1_1,0.8025
LDS-005,control,T1_2,0.450480011
LDS-005,control,T1_3,0.66952002
LDS-005,control,t1_MOLLI,10.87061639
LDS-005,control,t2_MOLLI,11.79835528
LDS-005,control,t3_MOLLI,13.61761083
LDS-005,control,t0,11.02059861
LDS-005,control,t1,11.724525
LDS-005,control,t2,13.60780972
LDS-005,control,t3,14.33237222
LDS-005,control,dt1,2.18
LDS-005,control,dt2,2.18
LDS-006,control,S02a,6295.11285
LDS-006,control,S02l,6526.37297
LDS-006,control,BAT2,143.0850327
LDS-006,control,BAT,1.169433114
LDS-006,control,CO,4.415036706
LDS-006,control,Thl,15.90782125
LDS-006,control,Dhl,34.64276239
LDS-006,control,To,31.60872775
LDS-006,control,Eo,20.49670521
LDS-006,control,Toe,6.489841683
LDS-006,control,Eb,8.236065658
LDS-006,control,H,45
LDS-006,control,ve,18.68103937
LDS-006,control,Te,44.54607807
LDS-006,control,De,67.68590201
LDS-006,control,khe_i,40.44274028
LDS-006,control,khe_f,33.47337089
LDS-006,control,Th_i,46.03441298
LDS-006,control,Th_f,40.66338825
LDS-006,control,Th,43.34890062
LDS-006,control,khe,36.95805558
LDS-006,control,Kbh,2.306863578
LDS-006,control,Khe,197.8372555
LDS-006,control,kbh,1.875917485
LDS-006,control,kbh_i,1.766481972
LDS-006,control,kbh_f,1.999807791
LDS-006,control,CL,0.255435565
LDS-006,control,AUC_Cb,37.19836602
LDS-006,control,AUC_Cl,642.9670568
LDS-006,control,AUC35_Cb,27.34056867
LDS-006,control,AUC35_Cl,197.1897827
LDS-006,control,RE_R1b,15.33249631
LDS-006,control,RE_R1l,93.25561382
LDS-006,control,RE_Sb,11.97607627
LDS-006,control,RE_Sl,75.75881903
LDS-006,control,T1_1,0.83976001
LDS-006,control,T1_2,0.498440002
LDS-006,control,T1_3,0.684710022
LDS-006,control,t1_MOLLI,12.69622972
LDS-006,control,t2_MOLLI,13.72215083
LDS-006,control,t3_MOLLI,15.16731694
LDS-006,control,t0,12.96518819
LDS-006,control,t1,13.62975
LDS-006,control,t2,15.18071458
LDS-006,control,t3,15.86311111
LDS-006,control,dt1,1.64
LDS-006,control,dt2,1.64
LDS-006,drug,S02a,8296.380162
LDS-006,drug,S02l,6023.347951
LDS-006,drug,BAT2,158.2954046
LDS-006,drug,BAT,1.143309218
LDS-006,drug,CO,7.882051844
LDS-006,drug,Thl,17.66527041
LDS-006,drug,Dhl,37.44162825
LDS-006,drug,To,27.41624471
LDS-006,drug,Eo,12.43617205
LDS-006,drug,Toe,6.646410796
LDS-006,drug,Eb,2.678066764
LDS-006,drug,H,45
LDS-006,drug,ve,31.94380361
LDS-006,drug,Te,42.60279407
LDS-006,drug,De,65.97568443
LDS-006,drug,khe_i,1.393034501
LDS-006,drug,khe_f,2.444104043
LDS-006,drug,Th_i,121.1341207
LDS-006,drug,Th_f,77.50853498
LDS-006,drug,Th,99.32132785
LDS-006,drug,khe,1.918569272
LDS-006,drug,Kbh,1.006833096
LDS-006,drug,Khe,6.006076469
LDS-006,drug,kbh,0.685212309
LDS-006,drug,kbh_i,0.561825157
LDS-006,drug,kbh_f,0.878047771
LDS-006,drug,CL,0.013540527
LDS-006,drug,AUC_Cb,62.59963417
LDS-006,drug,AUC_Cl,109.4734683
LDS-006,drug,AUC35_Cb,30.49565231
LDS-006,drug,AUC35_Cl,27.07536196
LDS-006,drug,RE_R1b,20.77422811
LDS-006,drug,RE_R1l,9.543585988
LDS-006,drug,RE_Sb,20.31814526
LDS-006,drug,RE_Sl,7.953594513
LDS-006,drug,T1_1,0.83651001
LDS-006,drug,T1_2,0.75448999
LDS-006,drug,T1_3,0.790440002
LDS-006,drug,t1_MOLLI,11.11729167
LDS-006,drug,t2_MOLLI,12.11665472
LDS-006,drug,t3_MOLLI,13.72597444
LDS-006,drug,t0,11.36590139
LDS-006,drug,t1,12.03029097
LDS-006,drug,t2,13.83355833
LDS-006,drug,t3,14.49779722
LDS-006,drug,dt1,1.64
LDS-006,drug,dt2,1.64
LDS-007,control,S02a,6497.411349
LDS-007,control,S02l,7459.118768
LDS-007,control,BAT2,121.1805781
LDS-007,control,BAT,1.144213337
LDS-007,control,CO,9.407063916
LDS-007,control,Thl,11.33484289
LDS-007,control,Dhl,36.42876879
LDS-007,control,To,19.32777869
LDS-007,control,Eo,19.65033466
LDS-007,control,Toe,4.560167086
LDS-007,control,Eb,3.194602051
LDS-007,control,H,45
LDS-007,control,ve,21.99555948
LDS-007,control,Te,58.01541045
LDS-007,control,De,95.5975089
LDS-007,control,khe_i,35.48424492
LDS-007,control,khe_f,29.7075551
LDS-007,control,Th_i,23.85926275
LDS-007,control,Th_f,35.60606014
LDS-007,control,Th,29.73266144
LDS-007,control,khe,32.59590001
LDS-007,control,Kbh,3.363304701
LDS-007,control,Khe,148.1930934
LDS-007,control,kbh,2.623527015
LDS-007,control,kbh_i,3.2693567
LDS-007,control,kbh_f,2.190763039
LDS-007,control,CL,0.307759092
LDS-007,control,AUC_Cb,67.09129171
LDS-007,control,AUC_Cl,652.2378538
LDS-007,control,AUC35_Cb,36.62449468
LDS-007,control,AUC35_Cl,188.5140803
LDS-007,control,RE_R1b,24.9414223
LDS-007,control,RE_R1l,85.54664763
LDS-007,control,RE_Sb,2.311594644
LDS-007,control,RE_Sl,72.82212118
LDS-007,control,T1_1,0.855419983
LDS-007,control,T1_2,0.537539978
LDS-007,control,T1_3,0.601840027
LDS-007,control,t1_MOLLI,14.78496083
LDS-007,control,t2_MOLLI,16.25328611
LDS-007,control,t3_MOLLI,16.95506139
LDS-007,control,t0,15.30055486
LDS-007,control,t1,16.15645139
LDS-007,control,t2,17.14926458
LDS-007,control,t3,18.06257778
LDS-007,control,dt1,2.0175
LDS-007,control,dt2,2.0175
LDS-007,drug,S02a,4954.425973
LDS-007,drug,S02l,4990.348364
LDS-007,drug,BAT2,134.3579902
LDS-007,drug,BAT,1.099922081
LDS-007,drug,CO,8.421140452
LDS-007,drug,Thl,12.92118582
LDS-007,drug,Dhl,36.58233514
LDS-007,drug,To,15.41999619
LDS-007,drug,Eo,19.37243687
LDS-007,drug,Toe,4.083231685
LDS-007,drug,Eb,3.063379657
LDS-007,drug,H,45
LDS-007,drug,ve,18.94502022
LDS-007,drug,Te,38.88866897
LDS-007,drug,De,77.12830621
LDS-007,drug,khe_i,2.299623864
LDS-007,drug,khe_f,1.334342413
LDS-007,drug,Th_i,10.05943029
LDS-007,drug,Th_f,287.9091466
LDS-007,drug,Th,148.9842885
LDS-007,drug,khe,1.816983139
LDS-007,drug,Kbh,0.671211717
LDS-007,drug,Khe,9.590821851
LDS-007,drug,kbh,0.544050521
LDS-007,drug,kbh_i,8.057611357
LDS-007,drug,kbh_f,0.281529714
LDS-007,drug,CL,0.020269387
LDS-007,drug,AUC_Cb,78.4677199
LDS-007,drug,AUC_Cl,143.3332779
LDS-007,drug,AUC35_Cb,44.71030808
LDS-007,drug,AUC35_Cl,32.42211952
LDS-007,drug,RE_R1b,29.39103986
LDS-007,drug,RE_R1l,11.69920198
LDS-007,drug,RE_Sb,34.26531534
LDS-007,drug,RE_Sl,9.464872155
LDS-007,drug,T1_1,0.84047998
LDS-007,drug,T1_2,0.754640015
LDS-007,drug,T1_3,0.80072998
LDS-007,drug,t1_MOLLI,14.15736361
LDS-007,drug,t2_MOLLI,15.65379944
LDS-007,drug,t3_MOLLI,16.67030944
LDS-007,drug,t0,14.74162292
LDS-007,drug,t1,15.56089236
LDS-007,drug,t2,16.80786736
LDS-007,drug,t3,17.69508194
LDS-007,drug,dt1,2.0175
LDS-007,drug,dt2,2.0175
LDS-008,control,S02a,9768.953881
LDS-008,control,S02l,7668.726123
LDS-008,control,BAT2,126.5378919
LDS-008,control,BAT,1.244299101
LDS-008,control,CO,10.73848462
LDS-008,control,Thl,16.21737064
LDS-008,control,Dhl,42.53382257
LDS-008,control,To,22.66216513
LDS-008,control,Eo,15.51723439
LDS-008,control,Toe,4.633395686
LDS-008,control,Eb,4.763803985
LDS-008,control,H,45
LDS-008,control,ve,13.65618085
LDS-008,control,Te,18.80239849
LDS-008,control,De,47.32268029
LDS-008,control,khe_i,39.57910566
LDS-008,control,khe_f,24.47831824
LDS-008,control,Th_i,22.98896206
LDS-008,control,Th_f,44.1543896
LDS-008,control,Th,33.57167583
LDS-008,control,khe,32.02871195
LDS-008,control,Kbh,2.978701466
LDS-008,control,Khe,234.5363781
LDS-008,control,kbh,2.571924607
LDS-008,control,kbh_i,3.755881581
LDS-008,control,kbh_f,1.955497968
LDS-008,control,CL,0.329674441
LDS-008,control,AUC_Cb,39.75832442
LDS-008,control,AUC_Cl,434.2251649
LDS-008,control,AUC35_Cb,28.28704318
LDS-008,control,AUC35_Cl,162.3726838
LDS-008,control,RE_R1b,18.34902451
LDS-008,control,RE_R1l,65.14861602
LDS-008,control,RE_Sb,12.38617112
LDS-008,control,RE_Sl,54.35635437
LDS-008,control,T1_1,0.74397998
LDS-008,control,T1_2,0.46023999
LDS-008,control,T1_3,0.574929993
LDS-008,control,t1_MOLLI,14.10962639
LDS-008,control,t2_MOLLI,15.427625
LDS-008,control,t3_MOLLI,16.41627694
LDS-008,control,t0,14.62266806
LDS-008,control,t1,15.32675
LDS-008,control,t2,16.562825
LDS-008,control,t3,17.31208125
LDS-008,control,dt1,2.18
LDS-008,control,dt2,2.18
LDS-008,drug,S02a,7249.285231
LDS-008,drug,S02l,5953.412258
LDS-008,drug,BAT2,136.7469889
LDS-008,drug,BAT,1.1866769
LDS-008,drug,CO,10.35483423
LDS-008,drug,Thl,15.37300616
LDS-008,drug,Dhl,37.31908741
LDS-008,drug,To,17.8976784
LDS-008,drug,Eo,10.80635295
LDS-008,drug,Toe,5.794437014
LDS-008,drug,Eb,2.802174711
LDS-008,drug,H,45
LDS-008,drug,ve,16.44751083
LDS-008,drug,Te,30.22172367
LDS-008,drug,De,59.23224033
LDS-008,drug,khe_i,1.291473706
LDS-008,drug,khe_f,2.760056798
LDS-008,drug,Th_i,424.4685139
LDS-008,drug,Th_f,71.02866214
LDS-008,drug,Th,247.748588
LDS-008,drug,khe,2.025765252
LDS-008,drug,Kbh,0.403634995
LDS-008,drug,Khe,12.31654609
LDS-008,drug,kbh,0.337247085
LDS-008,drug,kbh_i,0.196840252
LDS-008,drug,kbh_f,1.176320751
LDS-008,drug,CL,0.017840187
LDS-008,drug,AUC_Cb,69.76278578
LDS-008,drug,AUC_Cl,138.0294323
LDS-008,drug,AUC35_Cb,41.44192775
LDS-008,drug,AUC35_Cl,26.67606594
LDS-008,drug,RE_R1b,26.26135461
LDS-008,drug,RE_R1l,7.92123072
LDS-008,drug,RE_Sb,21.4411708
LDS-008,drug,RE_Sl,4.515247273
LDS-008,drug,T1_1,0.70625
LDS-008,drug,T1_2,0.615119995
LDS-008,drug,T1_3,0.656880005
LDS-008,drug,t1_MOLLI,15.05653583
LDS-008,drug,t2_MOLLI,16.17145583
LDS-008,drug,t3_MOLLI,17.14357056
LDS-008,drug,t0,15.203775
LDS-008,drug,t1,16.06118542
LDS-008,drug,t2,17.31594028
LDS-008,drug,t3,18.12817778
LDS-008,drug,dt1,1.955
LDS-008,drug,dt2,1.955
LDS-009,control,S02a,5614.164775
LDS-009,control,S02l,4177.159966
LDS-009,control,BAT2,129.3905118
LDS-009,control,BAT,1.27022944
LDS-009,control,CO,11.42769631
LDS-009,control,Thl,10.68200018
LDS-009,control,Dhl,41.23591195
LDS-009,control,To,35.97028978
LDS-009,control,Eo,12.86818571
LDS-009,control,Toe,6.854276983
LDS-009,control,Eb,5.789519901
LDS-009,control,H,45
LDS-009,control,ve,16.20757866
LDS-009,control,Te,36.01215356
LDS-009,control,De,71.38291775
LDS-009,control,khe_i,22.6528441
LDS-009,control,khe_f,20.52498439
LDS-009,control,Th_i,31.03024226
LDS-009,control,Th_f,27.29759259
LDS-009,control,Th,29.16391742
LDS-009,control,khe,21.58891425
LDS-009,control,Kbh,3.428894635
LDS-009,control,Khe,133.2025881
LDS-009,control,kbh,2.87315384
LDS-009,control,kbh_i,2.700346992
LDS-009,control,kbh_f,3.069590151
LDS-009,control,CL,0.256069698
LDS-009,control,AUC_Cb,40.91254254
LDS-009,control,AUC_Cl,284.0220272
LDS-009,control,AUC35_Cb,29.6512813
LDS-009,control,AUC35_Cl,108.7423175
LDS-009,control,RE_R1b,17.73594507
LDS-009,control,RE_R1l,51.05728946
LDS-009,control,RE_Sb,16.637826
LDS-009,control,RE_Sl,40.40366903
LDS-009,control,T1_1,0.847049988
LDS-009,control,T1_2,0.621599976
LDS-009,control,T1_3,0.726429993
LDS-009,control,t1_MOLLI,13.79312139
LDS-009,control,t2_MOLLI,15.15560333
LDS-009,control,t3_MOLLI,16.02202056
LDS-009,control,t0,14.23474375
LDS-009,control,t1,15.06007292
LDS-009,control,t2,16.22125833
LDS-009,control,t3,17.04394931
LDS-009,control,dt1,1.955
LDS-009,control,dt2,1.955
LDS-009,drug,S02a,5540.894519
LDS-009,drug,S02l,4215.624838
LDS-009,drug,BAT2,153.7704295
LDS-009,drug,BAT,1.365835212
LDS-009,drug,CO,11.87805494
LDS-009,drug,Thl,9.547308857
LDS-009,drug,Dhl,72.6786095
LDS-009,drug,To,42.89244246
LDS-009,drug,Eo,9.146930809
LDS-009,drug,Toe,8.258604816
LDS-009,drug,Eb,2.287150039
LDS-009,drug,H,45
LDS-009,drug,ve,22.74355661
LDS-009,drug,Te,56.5289985
LDS-009,drug,De,69.81256792
LDS-009,drug,khe_i,0.821628191
LDS-009,drug,khe_f,1.483350662
LDS-009,drug,Th_i,58.54457899
LDS-009,drug,Th_f,34.79721621
LDS-009,drug,Th,46.6708976
LDS-009,drug,khe,1.152489427
LDS-009,drug,Kbh,2.142662883
LDS-009,drug,Khe,5.067322787
LDS-009,drug,kbh,1.655345137
LDS-009,drug,kbh_i,1.319617371
LDS-009,drug,kbh_f,2.220190343
LDS-009,drug,CL,0.013827748
LDS-009,drug,AUC_Cb,94.66763623
LDS-009,drug,AUC_Cl,79.22185465
LDS-009,drug,AUC35_Cb,42.47452953
LDS-009,drug,AUC35_Cl,24.20842511
LDS-009,drug,RE_R1b,31.21824751
LDS-009,drug,RE_R1l,8.971828334
LDS-009,drug,RE_Sb,20.24615996
LDS-009,drug,RE_Sl,5.599189557
LDS-009,drug,T1_1,0.881320007
LDS-009,drug,T1_2,0.817150024
LDS-009,drug,T1_3,0.829539978
LDS-009,drug,t1_MOLLI,13.91894139
LDS-009,drug,t2_MOLLI,15.15295028
LDS-009,drug,t3_MOLLI,16.53629056
LDS-009,drug,t0,14.27247639
LDS-009,drug,t1,15.06698472
LDS-009,drug,t2,16.66322361
LDS-009,drug,t3,17.47451458
LDS-009,drug,dt1,1.955
LDS-009,drug,dt2,1.955
LDS-010,control,S02a,6967.488388
LDS-010,control,S02l,5658.690267
LDS-010,control,BAT2,141.8741338
LDS-010,control,BAT,1.293854334
LDS-010,control,CO,7.123004314
LDS-010,control,Thl,9.721636748
LDS-010,control,Dhl,58.80743885
LDS-010,control,To,46.74854736
LDS-010,control,Eo,14.23952536
LDS-010,control,Toe,8.961346255
LDS-010,control,Eb,3.460969373
LDS-010,control,H,45
LDS-010,control,ve,15.24041811
LDS-010,control,Te,39.11459255
LDS-010,control,De,74.64741539
LDS-010,control,khe_i,26.4264106
LDS-010,control,khe_f,30.07111653
LDS-010,control,Th_i,26.00744301
LDS-010,control,Th_f,26.10229421
LDS-010,control,Th,26.05486861
LDS-010,control,khe,28.24876356
LDS-010,control,Kbh,3.838054281
LDS-010,control,Khe,185.3542558
LDS-010,control,kbh,3.253118761
LDS-010,control,kbh_i,3.259050952
LDS-010,control,kbh_f,3.247208127
LDS-010,control,CL,0.303925937
LDS-010,control,AUC_Cb,78.63430886
LDS-010,control,AUC_Cl,562.7526547
LDS-010,control,AUC35_Cb,37.21215528
LDS-010,control,AUC35_Cl,151.7684273
LDS-010,control,RE_R1b,21.07199855
LDS-010,control,RE_R1l,63.3647021
LDS-010,control,RE_Sb,10.05605202
LDS-010,control,RE_Sl,51.68206383
LDS-010,control,T1_1,0.806320007
LDS-010,control,T1_2,0.561890015
LDS-010,control,T1_3,0.715039978
LDS-010,control,t1_MOLLI,13.86166194
LDS-010,control,t2_MOLLI,15.02107861
LDS-010,control,t3_MOLLI,16.13309583
LDS-010,control,t0,14.11021528
LDS-010,control,t1,14.93616597
LDS-010,control,t2,16.30209931
LDS-010,control,t3,17.13629583
LDS-010,control,dt1,2.0175
LDS-010,control,dt2,2.0175
LDS-010,drug,S02a,7284.317965
LDS-010,drug,S02l,5036.488182
LDS-010,drug,BAT2,128.4671822
LDS-010,drug,BAT,1.4076189
LDS-010,drug,CO,7.341027605
LDS-010,drug,Thl,13.19006011
LDS-010,drug,Dhl,60.52188141
LDS-010,drug,To,45.84329474
LDS-010,drug,Eo,14.51333507
LDS-010,drug,Toe,9.535318
LDS-010,drug,Eb,2.887073521
LDS-010,drug,H,45
LDS-010,drug,ve,24.10773352
LDS-010,drug,Te,55.46168034
LDS-010,drug,De,73.77887992
LDS-010,drug,khe_i,0.958451996
LDS-010,drug,khe_f,1.693016847
LDS-010,drug,Th_i,67.28355283
LDS-010,drug,Th_f,256.082062
LDS-010,drug,Th,161.6828074
LDS-010,drug,khe,1.325734422
LDS-010,drug,Kbh,0.618494951
LDS-010,drug,Khe,5.499208048
LDS-010,drug,kbh,0.469389836
LDS-010,drug,kbh_i,1.127946776
LDS-010,drug,kbh_f,0.296359167
LDS-010,drug,CL,0.01470332
LDS-010,drug,AUC_Cb,86.36152355
LDS-010,drug,AUC_Cl,115.5095824
LDS-010,drug,AUC35_Cb,36.42433538
LDS-010,drug,AUC35_Cl,24.01926802
LDS-010,drug,RE_R1b,22.58734838
LDS-010,drug,RE_R1l,7.83998812
LDS-010,drug,RE_Sb,14.81583682
LDS-010,drug,RE_Sl,8.087603616
LDS-010,drug,T1_1,0.830440002
LDS-010,drug,T1_2,0.754059998
LDS-010,drug,T1_3,0.78526001
LDS-010,drug,t1_MOLLI,13.90478583
LDS-010,drug,t2_MOLLI,15.0236775
LDS-010,drug,t3_MOLLI,15.87836444
LDS-010,drug,t0,14.09632639
LDS-010,drug,t1,14.94062569
LDS-010,drug,t2,16.06474792
LDS-010,drug,t3,16.88571319
LDS-010,drug,dt1,2.02
LDS-010,drug,dt2,2.02
