subject,study,parameter,value
LDS-003,control,BAT2,6.95E-13
LDS-006,control,BAT,0.001298211
LDS-006,control,BAT2,0.00130168
LDS-004,control,BAT,0.001595529
LDS-004,control,BAT2,0.001650663
LDS-004,drug,BAT,0.001805159
LDS-007,drug,BAT,0.001829987
LDS-004,drug,BAT2,0.001838656
LDS-007,drug,BAT2,0.002221845
LDS-009,drug,BAT2,0.002401842
LDS-009,drug,BAT,0.002513596
LDS-010,control,BAT,0.00294779
LDS-010,control,BAT2,0.00299499
LDS-006,drug,BAT2,0.003231853
LDS-010,drug,BAT,0.003381248
LDS-002,drug,BAT,0.003511166
LDS-010,drug,BAT2,0.0035513
LDS-006,drug,BAT,0.00362338
LDS-002,drug,BAT2,0.003682037
LDS-005,control,BAT,0.003982569
LDS-005,control,BAT2,0.004043797
LDS-009,control,BAT,0.004305762
LDS-009,control,BAT2,0.004312201
LDS-002,control,BAT,0.005252414
LDS-008,drug,BAT2,0.005814066
LDS-008,drug,BAT,0.006083233
LDS-002,control,BAT2,0.0061402
LDS-003,control,BAT,0.006155099
LDS-007,control,BAT2,0.008070685
LDS-007,control,BAT,0.008312094
LDS-008,control,BAT2,0.011177998
LDS-008,control,BAT,0.01144955
LDS-003,drug,BAT2,0.012277662
LDS-003,drug,BAT,0.012860734
LDS-001,control,BAT,0.015975904
LDS-001,control,BAT2,0.016019646
LDS-004,control,CO,0.03948866
LDS-006,control,CO,0.051045484
LDS-004,drug,CO,0.052226653
LDS-008,drug,Eb,0.071851647
LDS-007,drug,Eb,0.085832916
LDS-006,drug,CO,0.085858392
LDS-002,control,CO,0.093315589
LDS-010,drug,CO,0.094413654
LDS-010,control,CO,0.095122204
LDS-009,drug,Eb,0.095794538
LDS-008,drug,khe_i,0.100082081
LDS-005,control,CO,0.105761998
LDS-007,control,Eb,0.109785957
LDS-002,drug,CO,0.122138671
LDS-002,drug,khe_i,0.126336321
LDS-007,drug,CO,0.126829885
LDS-008,control,Eb,0.132225519
LDS-006,drug,Eb,0.134789559
LDS-007,drug,khe_f,0.136280387
LDS-008,drug,CO,0.137934726
LDS-004,control,Thl,0.138578541
LDS-003,drug,Eb,0.140256172
LDS-006,control,Thl,0.148928688
LDS-009,control,CO,0.154298383
LDS-003,drug,CO,0.154772686
LDS-010,drug,Eb,0.156514474
LDS-010,control,Eb,0.157169163
LDS-007,drug,Thl,0.161870133
LDS-004,drug,Thl,0.162019032
LDS-009,drug,CO,0.164926042
LDS-004,drug,Eb,0.166497369
LDS-007,control,CO,0.169893589
LDS-007,control,Toe,0.171902202
LDS-008,control,CO,0.17211066
LDS-009,control,Eb,0.176177765
LDS-005,control,Toe,0.178493026
LDS-007,drug,Toe,0.179886502
LDS-005,control,Eb,0.186759549
LDS-009,drug,khe_i,0.186817728
LDS-001,control,khe_f,0.195686932
LDS-008,control,Toe,0.209121667
LDS-004,drug,khe_i,0.21091477
LDS-002,drug,Eb,0.214153705
LDS-009,drug,Thl,0.215462069
LDS-003,control,CO,0.217583606
LDS-006,drug,khe_i,0.22281105
LDS-006,drug,Thl,0.225388111
LDS-010,control,Thl,0.227136995
LDS-004,control,Toe,0.227444777
LDS-003,drug,khe_i,0.239387583
LDS-004,drug,khe_f,0.245278443
LDS-004,control,khe_i,0.251081583
LDS-009,drug,khe_f,0.267929668
LDS-008,drug,Toe,0.271005941
LDS-004,drug,Toe,0.279965477
LDS-006,control,Eb,0.283874049
LDS-001,control,Toe,0.285490391
LDS-010,drug,Thl,0.288606966
LDS-010,drug,khe_i,0.294522531
LDS-009,control,Thl,0.297126936
LDS-008,drug,khe_f,0.301320466
LDS-001,control,Eb,0.314323735
LDS-003,control,Eb,0.317513037
LDS-002,drug,Thl,0.321037164
LDS-004,drug,Dhl,0.321859082
LDS-004,control,Dhl,0.325729786
LDS-005,control,Thl,0.331748834
LDS-006,control,Toe,0.338223725
LDS-006,drug,khe_f,0.345184917
LDS-009,drug,Eo,0.345363509
LDS-003,control,Toe,0.350541267
LDS-002,drug,Toe,0.363591716
LDS-008,drug,Eo,0.373624585
LDS-004,control,Eb,0.384908357
LDS-003,drug,Toe,0.393719564
LDS-006,drug,Toe,0.394554569
LDS-006,drug,Eo,0.398593418
LDS-001,control,khe_i,0.399813576
LDS-005,control,khe_f,0.404650098
LDS-001,control,CO,0.405175089
LDS-008,drug,Thl,0.405793821
LDS-010,drug,Eo,0.41159495
LDS-008,control,khe_f,0.41810887
LDS-005,control,khe_i,0.43191046
LDS-010,drug,khe_f,0.434179583
LDS-009,control,Toe,0.443009097
LDS-001,control,Eo,0.452488765
LDS-009,control,khe_i,0.455979717
LDS-006,control,Dhl,0.469764875
LDS-002,control,Eb,0.484333243
LDS-008,control,khe_i,0.484418419
LDS-002,drug,khe_f,0.486217566
LDS-009,drug,Toe,0.491530191
LDS-010,control,Toe,0.50335349
LDS-010,control,Eo,0.507461649
LDS-003,drug,khe_f,0.515192095
LDS-005,control,Eo,0.516882589
LDS-010,drug,Toe,0.52043523
LDS-003,drug,Eo,0.522592457
LDS-002,control,khe_i,0.541727807
LDS-007,control,Thl,0.556425285
LDS-009,control,Eo,0.559814779
LDS-008,control,Th_i,0.566475752
LDS-004,control,Eo,0.580036767
LDS-010,control,khe_i,0.581328903
LDS-003,control,Thl,0.584124777
LDS-009,control,khe_f,0.584250874
LDS-008,control,Eo,0.588088142
LDS-004,drug,Eo,0.598188042
LDS-004,control,khe_f,0.599001777
LDS-006,control,khe_i,0.606631286
LDS-007,drug,Eo,0.611619994
LDS-001,control,To,0.6358206
LDS-008,drug,ve,0.637590212
LDS-006,control,Eo,0.644769628
LDS-006,control,khe_f,0.648650088
LDS-002,drug,Eo,0.657352757
LDS-007,drug,To,0.657536686
LDS-008,drug,To,0.657844811
LDS-007,control,Th_i,0.672818046
LDS-002,control,Thl,0.689387
LDS-002,control,Eo,0.69668582
LDS-007,control,Eo,0.720448262
LDS-006,drug,Dhl,0.737836375
LDS-005,control,Th_i,0.76565882
LDS-001,control,ve,0.7674438
LDS-004,drug,ve,0.778845235
LDS-005,control,To,0.784510788
LDS-004,control,To,0.797666072
LDS-002,control,Toe,0.80547731
LDS-010,control,Th_i,0.812737778
LDS-008,control,Thl,0.81515205
LDS-009,drug,ve,0.815266389
LDS-010,control,Th_f,0.816988698
LDS-007,drug,Dhl,0.819174662
LDS-006,drug,To,0.828488919
LDS-003,drug,To,0.857636275
LDS-002,drug,ve,0.877822852
LDS-008,control,To,0.882984369
LDS-007,control,khe_i,0.901078296
LDS-010,drug,Dhl,0.902353507
LDS-003,drug,ve,0.911859736
LDS-003,drug,Thl,0.912007041
LDS-007,control,To,0.936195297
LDS-006,drug,ve,0.940570529
LDS-010,drug,ve,0.946187236
LDS-001,control,Th_i,0.946734556
LDS-008,drug,Dhl,0.961568013
LDS-010,control,khe_f,0.978943291
LDS-007,drug,ve,0.982059905
LDS-009,control,Th_i,1.023967685
LDS-007,drug,khe_i,1.036781126
LDS-009,control,Dhl,1.037613091
LDS-004,drug,To,1.055460863
LDS-007,control,khe_f,1.05786662
LDS-008,control,ve,1.059008008
LDS-009,drug,To,1.097924776
LDS-006,control,To,1.115231994
LDS-002,drug,To,1.116653752
LDS-004,control,ve,1.119165393
LDS-009,control,To,1.139898747
LDS-002,control,khe_f,1.15664245
LDS-009,control,Th_f,1.190105495
LDS-002,control,Dhl,1.1994831
LDS-010,drug,To,1.237402398
LDS-007,control,Th_f,1.285902309
LDS-002,control,Th_f,1.294249397
LDS-010,control,Dhl,1.298058854
LDS-003,control,Eo,1.300987818
LDS-005,control,Th_f,1.303493453
LDS-009,drug,Dhl,1.310329359
LDS-001,control,Dhl,1.348302197
LDS-005,control,Dhl,1.363726162
LDS-007,control,Dhl,1.389037891
LDS-008,control,Dhl,1.403992397
LDS-001,control,Te,1.407653006
LDS-010,control,To,1.441757227
LDS-003,control,To,1.545325095
LDS-002,control,ve,1.636683588
LDS-008,control,Th_f,1.692832922
LDS-006,control,Th_i,1.702878448
LDS-001,control,Thl,1.73115364
LDS-006,drug,Te,1.804689026
LDS-002,drug,Dhl,1.8491602
LDS-005,control,ve,1.865484267
LDS-009,control,ve,1.878418023
LDS-006,control,Th_f,1.919925293
LDS-008,control,Te,1.936623408
LDS-002,control,To,1.944830117
LDS-001,control,De,1.975562166
LDS-006,drug,De,2.01993654
LDS-004,drug,De,2.044456755
LDS-003,control,khe_i,2.086839415
LDS-003,drug,Te,2.09349866
LDS-008,drug,Te,2.133369588
LDS-003,control,Dhl,2.1656977
LDS-003,drug,Dhl,2.259635887
LDS-009,drug,De,2.704743613
LDS-010,drug,De,2.74289468
LDS-010,control,ve,2.936500371
LDS-002,control,Th_i,3.050974317
LDS-007,drug,De,3.078252462
LDS-007,drug,Te,3.119684091
LDS-006,control,ve,3.169914748
LDS-004,drug,Te,3.194251732
LDS-002,drug,Te,3.203970232
LDS-007,control,De,3.21232337
LDS-009,drug,Te,3.365794039
LDS-002,control,Te,3.508149317
LDS-005,control,De,3.563593373
LDS-010,drug,Te,3.612404168
LDS-003,drug,De,3.894150775
LDS-008,drug,De,4.077172192
LDS-002,drug,De,4.120103028
LDS-004,control,Te,4.136653183
LDS-001,control,Th_f,4.254117328
LDS-005,control,Te,4.803609429
LDS-009,control,Te,5.429008564
LDS-009,control,De,5.593412073
LDS-006,control,De,5.708448973
LDS-003,control,De,6.691082648
LDS-010,control,De,6.742499268
LDS-006,control,Te,6.987507393
LDS-008,control,De,7.211280158
LDS-010,control,Te,8.420164216
LDS-007,control,ve,8.452156861
LDS-004,control,De,8.497805061
LDS-007,drug,S02a,12.13391418
LDS-009,drug,S02a,12.22395451
LDS-006,drug,S02a,12.44547722
LDS-008,drug,S02a,12.61406814
LDS-003,control,Th_i,12.67067829
LDS-009,control,S02a,12.67155702
LDS-003,drug,Th_f,12.79359433
LDS-004,control,Th_i,13.39088677
LDS-002,drug,Th_f,13.73094743
LDS-003,control,S02a,14.1399347
LDS-003,control,Th_f,14.17344106
LDS-009,drug,Th_f,14.56560525
LDS-003,control,ve,15.12011206
LDS-002,drug,S02a,15.24230684
LDS-003,drug,Th_i,15.75178701
LDS-004,drug,S02a,15.78924644
LDS-005,control,S02a,15.94684991
LDS-009,control,S02l,16.09357709
LDS-008,control,S02a,16.12590463
LDS-003,control,S02l,16.27204078
LDS-006,control,S02a,17.02016046
LDS-003,drug,S02a,17.30394347
LDS-010,control,S02a,17.80968387
LDS-001,control,S02a,18.24023423
LDS-007,control,S02a,18.53585417
LDS-004,control,S02a,19.31159874
LDS-002,control,S02l,20.14051497
LDS-008,drug,Th_f,20.64648334
LDS-002,control,S02a,24.22621745
LDS-007,control,Te,24.34327647
LDS-005,control,S02l,25.45169834
LDS-010,drug,S02a,25.62790188
LDS-008,control,S02l,27.85872807
LDS-004,control,Th_f,28.47479288
LDS-007,drug,Th_i,28.7050007
LDS-003,control,Te,28.72842652
LDS-004,drug,Th_f,29.47806655
LDS-009,drug,Th_i,31.69253008
LDS-009,drug,S02l,32.23279654
LDS-004,drug,Th_i,36.77336445
LDS-003,drug,S02l,42.91274407
LDS-006,drug,Th_f,44.37243648
LDS-006,control,S02l,49.4580744
LDS-007,control,S02l,51.16990054
LDS-007,drug,S02l,56.80070786
LDS-010,drug,S02l,64.95411981
LDS-001,control,S02l,65.73433242
LDS-010,control,S02l,69.65795724
LDS-004,drug,S02l,83.86967935
LDS-004,control,S02l,85.33699863
LDS-006,drug,S02l,103.6891497
LDS-006,drug,Th_i,104.070331
LDS-003,control,khe_f,104.4882118
LDS-008,drug,S02l,105.3273037
LDS-007,drug,Th_f,129.0580244
LDS-010,drug,Th_i,131.7728123
LDS-002,drug,S02l,147.8988507
LDS-002,control,De,231.4536771
LDS-010,drug,Th_f,343.6109727
LDS-008,drug,Th_i,487.7701951
LDS-002,drug,Th_i,712.9267639
