﻿parameter,description,unit,type,group,label,value_map,cluster
Age,Age,yr,float,Screening,Age,NaN,Screening
Sex,Sex,,float,Screening,Sex,"0:female,1:male",Screening
PostALP,Post ALP,U/L,float,Blood - liver function test,ALP(f),NaN,Blood - liver function test
PostALT,Post ALT,U/L,float,Blood - liver function test,ALT(f),NaN,Blood - liver function test
PostAlb,Post Albumin,g/L,float,Blood - liver function test,Alb(f),NaN,Blood - liver function test
PostBili,Post Bilirubin,umol/L,float,Blood - liver function test,Bil(f),NaN,Blood - liver function test
PostConBili,Post Conjugated bilirubin,umol/L,float,Blood - liver function test,CBil(f),NaN,Blood - liver function test
PostConTotBili,Post Conjugated/total bilirubin,%,float,Blood - liver function test,CTBil(f),NaN,Blood - liver function test
PreALP,Pre ALP,U/L,float,Blood - liver function test,ALP(i),NaN,Blood - liver function test
PreALT,Pre ALT,U/L,float,Blood - liver function test,ALT(i),NaN,Blood - liver function test
PreAlb,Pre Albumin,g/L,float,Blood - liver function test,Alb(i),NaN,Blood - liver function test
PreBili,Pre Bilirubin,umol/L,float,Blood - liver function test,Bil(i),NaN,Blood - liver function test
PreConBili,Pre Conjugated bilirubin,umol/L,float,Blood - liver function test,CBil(i),NaN,Blood - liver function test
PreConTotBili,Pre Conjugated/total bilirubin,%,float,Blood - liver function test,CTBil(i),NaN,Blood - liver function test
InitALP,Init ALP,U/L,float,Blood - liver function test,ALP(0),NaN,Blood - liver function test
InitALT,Init ALT,U/L,float,Blood - liver function test,ALT(0),NaN,Blood - liver function test
InitAlb,Init Albumin,g/L,float,Blood - liver function test,Alb(0),NaN,Blood - liver function test
InitBili,Init Bilirubin,umol/L,float,Blood - liver function test,Bil(0),NaN,Blood - liver function test
InitConBili,Init Conjugated bilirubin,umol/L,float,Blood - liver function test,CBil(0),NaN,Blood - liver function test
InitConTotBili,Init Conjugated/total bilirubin,%,float,Blood - liver function test,CTBil(0),NaN,Blood - liver function test
BMI,BMI ,kg/m2,float,Screening,BMI,NaN,Screening
Crea,Creatinine,umol/L,float,Screening,Crea,NaN,Screening
Height,Height ,cm,float,Screening,Height,NaN,Screening
Urea,Urea nitrogen,mmol/L,float,Screening,Urea,NaN,Screening
Weight,Body weight ,kg,float,Screening,Weight,NaN,Screening
