﻿subject,study,parameter,value
LDS-004,screening,Sex,0
LDS-005,screening,Sex,0
LDS-007,screening,Sex,0
LDS-001,screening,Sex,1
LDS-002,screening,Sex,1
LDS-003,screening,Sex,1
LDS-006,screening,Sex,1
LDS-008,screening,Sex,1
LDS-009,screening,Sex,1
LDS-010,screening,Sex,1
LDS-005,drug,InitConBili,3
LDS-006,drug,InitConBili,3
LDS-009,drug,InitConBili,3
LDS-001,control,PostConBili,3
LDS-006,control,PostConBili,3
LDS-001,control,PreConBili,3
LDS-003,control,PreConBili,3
LDS-004,control,PreConBili,3
LDS-006,control,PreConBili,3
LDS-007,screening,Urea,3.4
LDS-001,screening,Urea,3.6
LDS-008,drug,InitConBili,4
LDS-003,control,PostConBili,4
LDS-004,control,PostConBili,4
LDS-005,control,PostConBili,4
LDS-005,control,PreConBili,4
LDS-008,control,PreConBili,4
LDS-002,drug,InitConBili,5
LDS-003,drug,InitConBili,5
LDS-007,control,PostConBili,5
LDS-008,control,PostConBili,5
LDS-010,control,PostConBili,5
LDS-007,control,PreConBili,5
LDS-009,control,PreConBili,5
LDS-010,control,PreConBili,5
LDS-002,screening,Urea,5
LDS-009,screening,Urea,5
LDS-005,screening,Urea,5.6
LDS-009,control,PostConBili,6
LDS-006,control,PreBili,6
LDS-006,drug,PreConBili,6
LDS-010,screening,Urea,6.1
LDS-008,screening,Urea,6.8
LDS-007,drug,InitBili,7
LDS-006,control,PostBili,7
LDS-007,drug,PostConBili,7
LDS-004,drug,PreConBili,7
LDS-007,drug,PreConBili,7
LDS-009,drug,PreConBili,7
LDS-004,screening,Urea,7
LDS-006,screening,Urea,7.3
LDS-003,screening,Urea,7.8
LDS-009,drug,InitBili,8
LDS-003,control,PreBili,8
LDS-005,drug,InitBili,9
LDS-006,drug,InitBili,9
LDS-010,drug,InitConBili,9
LDS-004,drug,PostConBili,9
LDS-009,drug,PostConBili,9
LDS-001,control,PreBili,9
LDS-002,control,PreConBili,9
LDS-008,control,PreBili,10
LDS-003,drug,InitBili,11
LDS-002,control,PostConBili,11
LDS-006,drug,PostConBili,11
LDS-003,drug,PreConBili,11
LDS-008,drug,InitBili,12
LDS-001,control,PostALT,12
LDS-001,control,PostBili,12
LDS-005,control,PostBili,12
LDS-003,drug,PostConBili,12
LDS-010,drug,PostConBili,12
LDS-005,control,PreBili,12
LDS-002,drug,InitBili,13
LDS-005,control,PostALT,13
LDS-008,control,PostALT,13
LDS-003,control,PostBili,13
LDS-007,control,PostBili,13
LDS-008,control,PostBili,13
LDS-004,control,PreBili,13
LDS-009,control,PreBili,13
LDS-009,drug,PreBili,13
LDS-010,control,PreBili,13
LDS-010,drug,PreBili,13
LDS-010,drug,PostALT,14
LDS-010,control,PostBili,14
LDS-007,control,PostALT,15
LDS-004,control,PostBili,15
LDS-009,control,PostBili,15
LDS-005,control,PreALT,15
LDS-008,control,PreALT,15
LDS-007,control,PreBili,15
LDS-010,drug,InitALT,16
LDS-003,control,PostALT,16
LDS-010,control,PostALT,16
LDS-003,drug,PostALT,17
LDS-004,control,PostALT,17
LDS-004,drug,PostALT,17
LDS-002,drug,PostConBili,17
LDS-010,control,PreALT,17
LDS-010,drug,PreALT,17
LDS-004,drug,PreBili,17
LDS-007,drug,PreBili,17
LDS-010,drug,PreConBili,17
LDS-005,drug,InitALT,18
LDS-009,drug,PostBili,18
LDS-003,drug,PreALT,18
LDS-004,drug,PreALT,18
LDS-007,control,PreALT,18
LDS-006,screening,BMI,18.7
LDS-003,drug,InitALT,19
LDS-003,control,PreALT,19
LDS-004,control,PreALT,19
LDS-006,drug,PreALT,19
LDS-008,drug,PreBili,19
LDS-002,control,PreBili,20
LDS-006,drug,PreBili,20
LDS-002,screening,BMI,20.7
LDS-002,screening,Age,21
LDS-002,control,PostALT,21
LDS-006,drug,PostALT,21
LDS-010,drug,InitBili,22
LDS-002,control,PreALT,22
LDS-003,drug,PreBili,22
LDS-008,screening,BMI,22.6
LDS-010,screening,BMI,22.6
LDS-006,drug,InitALT,23
LDS-007,drug,InitALT,23
LDS-007,drug,PostBili,23
LDS-007,drug,PreALT,23
LDS-004,control,PreConTotBili,23
LDS-009,screening,BMI,23.5
LDS-006,control,PostALT,24
LDS-004,drug,PostBili,24
LDS-006,control,PreALT,24
LDS-003,screening,BMI,24.4
LDS-006,screening,Age,25
LDS-007,drug,PostALT,25
LDS-008,drug,PostALT,25
LDS-003,drug,PostBili,25
LDS-006,drug,PostBili,25
LDS-001,control,PostConTotBili,25
LDS-002,drug,PreBili,25
LDS-001,screening,BMI,25.8
LDS-009,screening,Age,26
LDS-002,control,PostBili,26
LDS-008,drug,PostBili,26
LDS-008,drug,PreALT,26
LDS-008,drug,InitALT,27
LDS-002,drug,PostALT,27
LDS-004,control,PostConTotBili,27
LDS-007,screening,BMI,27.2
LDS-005,screening,BMI,28
LDS-002,drug,PreALT,29
LDS-003,screening,Age,30
LDS-004,screening,BMI,30
LDS-010,drug,PostBili,30
LDS-007,drug,PostConTotBili,30
LDS-006,drug,PreConTotBili,30
LDS-005,screening,Age,31
LDS-002,drug,InitALT,31
LDS-003,control,PostConTotBili,31
LDS-010,screening,Age,33
LDS-005,drug,InitConTotBili,33
LDS-006,drug,InitConTotBili,33
LDS-008,drug,InitConTotBili,33
LDS-005,control,PostConTotBili,33
LDS-001,control,PreConTotBili,33
LDS-005,control,PreConTotBili,33
LDS-007,control,PreConTotBili,33
LDS-007,screening,Age,34
LDS-004,control,PostAlb,35
LDS-002,drug,PostBili,35
LDS-008,screening,Age,36
LDS-005,control,PostAlb,36
LDS-010,control,PostConTotBili,36
LDS-004,drug,PreAlb,36
LDS-004,drug,PostAlb,37
LDS-005,control,PostALP,37
LDS-001,screening,Age,38
LDS-002,drug,InitConTotBili,38
LDS-009,drug,InitConTotBili,38
LDS-010,drug,PostAlb,38
LDS-004,drug,PostConTotBili,38
LDS-007,control,PostConTotBili,38
LDS-008,control,PostConTotBili,38
LDS-001,control,PreALT,38
LDS-003,control,PreConTotBili,38
LDS-009,control,PreConTotBili,38
LDS-010,control,PreConTotBili,38
LDS-010,control,PostAlb,39
LDS-009,control,PostALT,39
LDS-004,control,PreAlb,39
LDS-006,drug,PreAlb,39
LDS-009,drug,PreAlb,39
LDS-010,drug,InitAlb,40
LDS-007,drug,PostAlb,40
LDS-008,drug,PostAlb,40
LDS-009,control,PostConTotBili,40
LDS-010,drug,PostConTotBili,40
LDS-007,drug,PreAlb,40
LDS-008,drug,PreAlb,40
LDS-008,control,PreConTotBili,40
LDS-008,drug,InitAlb,41
LDS-010,drug,InitConTotBili,41
LDS-006,control,PostAlb,41
LDS-006,drug,PostAlb,41
LDS-007,control,PostAlb,41
LDS-005,control,PreAlb,41
LDS-004,drug,PreConTotBili,41
LDS-007,drug,PreConTotBili,41
LDS-008,control,PostAlb,42
LDS-002,control,PostConTotBili,42
LDS-001,control,PreAlb,42
LDS-005,control,PreALP,42
LDS-008,drug,PreALP,42
LDS-005,drug,InitAlb,43
LDS-007,drug,InitAlb,43
LDS-009,drug,InitAlb,43
LDS-005,drug,InitALP,43
LDS-001,control,PostAlb,43
LDS-002,control,PostAlb,43
LDS-009,drug,PostAlb,43
LDS-008,drug,PostALP,43
LDS-006,control,PostConTotBili,43
LDS-002,control,PreAlb,43
LDS-002,drug,PreAlb,43
LDS-009,drug,PreALT,43
LDS-003,drug,PostAlb,44
LDS-009,control,PostAlb,44
LDS-006,drug,PostConTotBili,44
LDS-006,control,PreAlb,44
LDS-008,control,PreAlb,44
LDS-010,control,PreAlb,44
LDS-010,drug,PreAlb,44
LDS-009,control,PreALT,44
LDS-002,drug,PreConBili,44
LDS-002,drug,PreConTotBili,44
LDS-006,drug,InitAlb,45
LDS-003,drug,InitConTotBili,45
LDS-002,drug,PostAlb,45
LDS-003,control,PostAlb,45
LDS-002,control,PreConTotBili,45
LDS-008,drug,InitALP,46
LDS-009,drug,InitALT,46
LDS-009,drug,PostALT,46
LDS-003,drug,PreAlb,46
LDS-007,control,PreAlb,46
LDS-001,control,PreALP,46
LDS-002,drug,InitAlb,47
LDS-003,control,PreAlb,47
LDS-009,control,PreAlb,47
LDS-006,drug,PreALP,47
LDS-001,control,PostALP,48
LDS-009,control,PostALP,48
LDS-003,drug,PostConTotBili,48
LDS-003,drug,InitAlb,49
LDS-002,drug,PostConTotBili,49
LDS-009,drug,PostConTotBili,50
LDS-003,drug,PreConTotBili,50
LDS-006,control,PreConTotBili,50
LDS-004,screening,Age,51
LDS-007,control,PostALP,52
LDS-008,control,PostALP,52
LDS-006,drug,PostALP,54
LDS-009,drug,PreConTotBili,54
LDS-007,drug,PostALP,56
LDS-006,drug,InitALP,57
LDS-010,drug,PostALP,57
LDS-008,control,PreALP,57
LDS-006,screening,Weight,57.05
LDS-001,screening,Crea,58
LDS-009,control,PreALP,58
LDS-006,control,PostALP,59
LDS-007,screening,Crea,60
LDS-010,drug,InitALP,60
LDS-010,control,PostALP,60
LDS-007,control,PreALP,60
LDS-007,drug,PreALP,61
LDS-007,drug,InitALP,62
LDS-003,control,PostALP,63
LDS-009,drug,PostALP,63
LDS-009,drug,PreALP,64
LDS-002,screening,Weight,64.45
LDS-010,drug,PreALP,65
LDS-010,drug,PreConTotBili,65
LDS-005,screening,Crea,67
LDS-004,screening,Crea,68
LDS-006,control,PreALP,69
LDS-010,control,PreALP,69
LDS-007,screening,Weight,72.35
LDS-009,drug,InitALP,74
LDS-003,control,PreALP,74
LDS-010,screening,Weight,74
LDS-005,screening,Weight,74.45
LDS-008,screening,Weight,74.7
LDS-001,screening,Weight,74.75
LDS-003,screening,Weight,76.3
LDS-003,drug,PostALP,77
LDS-010,screening,Crea,78
LDS-003,drug,PreALP,78
LDS-008,screening,Crea,81
LDS-004,screening,Weight,81.35
LDS-009,screening,Weight,82.8
LDS-003,drug,InitALP,84
LDS-006,screening,Crea,86
LDS-009,screening,Crea,87
LDS-002,screening,Crea,88
LDS-003,screening,Crea,98
LDS-004,control,PostALP,109
LDS-002,control,PreALP,112
LDS-002,control,PostALP,113
LDS-004,drug,PreALP,114
LDS-004,drug,PostALP,116
LDS-002,drug,PreALP,120
LDS-002,drug,PostALP,126
LDS-004,control,PreALP,127
LDS-002,drug,InitALP,129
LDS-005,screening,Height,163.1
LDS-004,screening,Height,164.6
LDS-007,screening,Height,166.8
LDS-001,screening,Height,170.2
LDS-006,screening,Height,174.8
LDS-002,screening,Height,176.6
LDS-003,screening,Height,176.8
LDS-010,screening,Height,180.9
LDS-008,screening,Height,181.8
LDS-009,screening,Height,187.8
