subject,study,parameter,value
LDS-001,control,S02a,9792.505518039618
LDS-001,control,S02l,7606.987667896555
LDS-001,control,BAT2,143.37699199851508
LDS-001,control,BAT,1.2044975213711646
LDS-001,control,CO,12.681303890640676
LDS-001,control,Thl,26.348158061771542
LDS-001,control,Dhl,67.99816548925006
LDS-001,control,To,25.14978497220128
LDS-001,control,Eo,13.857873743746799
LDS-001,control,Toe,8.415989242606512
LDS-001,control,Eb,6.124727100774145
LDS-001,control,H,45.0
LDS-001,control,ve,30.17971370781848
LDS-001,control,Te,39.66679357847665
LDS-001,control,De,72.3494510102165
LDS-001,control,khe_i,37.16147096926411
LDS-001,control,khe_f,8.72626904993053
LDS-001,control,Th_i,21.71794004406463
LDS-001,control,Th_f,131.44273687025142
LDS-001,control,Th,76.58033845715802
LDS-001,control,khe,22.94387000959732
LDS-001,control,Kbh,1.3058182036625998
LDS-001,control,Khe,76.02414731871161
LDS-001,control,kbh,0.911726008252649
LDS-001,control,kbh_i,3.2148668865702543
LDS-001,control,kbh_f,0.5311840574432187
LDS-001,control,CL,0.25380815970653414
LDS-001,control,AUC_Cb,156.9918568225524
LDS-001,control,AUC_Cl,2611.1931738341004
LDS-001,control,AUC35_Cb,106.24956058420648
LDS-001,control,AUC35_Cl,658.2011822877826
LDS-001,control,RE_R1b,59.354996674711714
LDS-001,control,RE_R1l,260.32185816560326
LDS-001,control,RE_Sb,48.27375804538999
LDS-001,control,RE_Sl,161.41869792659912
LDS-001,control,T1_1,0.762049988
LDS-001,control,T1_2,0.164630005
LDS-001,control,t1_MOLLI,9.437863611111112
LDS-001,control,t2_MOLLI,10.4112
LDS-001,control,T1_3,0.269029999
LDS-001,control,t3_MOLLI,11.588114444444445
LDS-001,control,t0,9.632315972222223
LDS-001,control,t1,10.336781944444445
LDS-001,control,t2,11.739447222222223
LDS-001,control,t3,12.572475694444444
LDS-001,control,dt1,2.180000000000291
LDS-001,control,dt2,2.180000000000291
LDS-005,control,S02a,7722.014665344358
LDS-005,control,S02l,9106.647532303296
LDS-005,control,BAT2,167.18223706584197
LDS-005,control,BAT,1.2849152933456778
LDS-005,control,CO,6.614949497666818
LDS-005,control,Thl,10.351937438318975
LDS-005,control,Dhl,56.03586952856631
LDS-005,control,To,22.44253169163024
LDS-005,control,Eo,17.499632910711213
LDS-005,control,Toe,4.608937081959018
LDS-005,control,Eb,6.621268513065274
LDS-005,control,H,45.0
LDS-005,control,ve,18.187991276171058
LDS-005,control,Te,39.05585855051686
LDS-005,control,De,79.53411164950415
LDS-005,control,khe_i,34.85050606281689
LDS-005,control,khe_f,24.18117094796059
LDS-005,control,Th_i,32.10329137623221
LDS-005,control,Th_f,35.53381728883694
LDS-005,control,Th,33.81855433253457
LDS-005,control,khe,29.51583850538874
LDS-005,control,Kbh,2.9569566758149883
LDS-005,control,Khe,162.28201375958886
LDS-005,control,kbh,2.419145653577601
LDS-005,control,kbh_i,2.5483994075572816
LDS-005,control,kbh_f,2.3023703887150466
LDS-005,control,CL,0.20818178085704506
LDS-005,control,AUC_Cb,46.36858215750019
LDS-005,control,AUC_Cl,527.225271740116
LDS-005,control,AUC35_Cb,37.76363165458657
LDS-005,control,AUC35_Cl,211.85827049259942
LDS-005,control,RE_R1b,15.772785627482582
LDS-005,control,RE_R1l,96.75643109363375
LDS-005,control,RE_Sb,2.180114911274723
LDS-005,control,RE_Sl,75.13629108360641
LDS-005,control,T1_1,0.8025
LDS-005,control,T1_2,0.450480011
LDS-005,control,t1_MOLLI,10.870616388888887
LDS-005,control,t2_MOLLI,11.798355277777777
LDS-005,control,T1_3,0.66952002
LDS-005,control,t3_MOLLI,13.617610833333332
LDS-005,control,t0,11.020598611111112
LDS-005,control,t1,11.724525
LDS-005,control,t2,13.607809722222221
LDS-005,control,t3,14.332372222222222
LDS-005,control,dt1,2.180000000000291
LDS-005,control,dt2,2.180000000000291
SHF-007,control,S02a,22503.40910075181
SHF-007,control,S02l,20056.537277410695
SHF-007,control,BAT2,126.38691223312892
SHF-007,control,BAT,1.0510016137496325
SHF-007,control,CO,6.019418225602333
SHF-007,control,Thl,14.683084333658124
SHF-007,control,Dhl,36.45558612462188
SHF-007,control,To,25.163056739980945
SHF-007,control,Eo,19.063404221313395
SHF-007,control,Toe,5.258025364189139
SHF-007,control,Eb,6.1133647036067265
SHF-007,control,H,45.0
SHF-007,control,ve,13.242813163376299
SHF-007,control,Te,24.249246857892537
SHF-007,control,De,78.9545738030882
SHF-007,control,khe_i,32.68342192401565
SHF-007,control,khe_f,32.07565925500477
SHF-007,control,Th_i,42.134017795089136
SHF-007,control,Th_f,43.55577012566951
SHF-007,control,Th,42.84489396037932
SHF-007,control,khe,32.379540589510206
SHF-007,control,Kbh,2.33400040836779
SHF-007,control,Khe,244.5065122496596
SHF-007,control,kbh,2.0249130950552034
SHF-007,control,kbh_i,2.0590769970846585
SHF-007,control,kbh_f,1.991864374945204
SHF-007,control,CL,0.22753930152191387
SHF-007,control,AUC_Cb,55.21721688164358
SHF-007,control,AUC_Cl,756.3200647259672
SHF-007,control,AUC35_Cb,39.66758890201065
SHF-007,control,AUC35_Cl,232.7995766848683
SHF-007,control,RE_R1b,17.982352123277963
SHF-007,control,RE_R1l,93.86284483365836
SHF-007,control,RE_Sb,19.966690982385245
SHF-007,control,RE_Sl,81.96405710752579
SHF-007,control,T1_1,0.74539
SHF-007,control,T1_2,0.37404
SHF-007,control,t1_MOLLI,13.813055555555556
SHF-007,control,t2_MOLLI,14.628055555555555
SHF-007,control,T1_3,0.56183
SHF-007,control,t3_MOLLI,15.8325
SHF-007,control,t0,13.938055555555556
SHF-007,control,t1,14.624444444444444
SHF-007,control,t2,15.95861111111111
SHF-007,control,t3,16.591944444444444
SHF-007,control,dt1,2.0
SHF-007,control,dt2,2.0
SHF-010,control,S02a,52176.45686445459
SHF-010,control,S02l,24663.144970869318
SHF-010,control,BAT2,144.4640503588356
SHF-010,control,BAT,1.142184683825599
SHF-010,control,CO,12.915312883011117
SHF-010,control,Thl,19.07926721325355
SHF-010,control,Dhl,34.21914267289329
SHF-010,control,To,17.756345137789733
SHF-010,control,Eo,13.920375189848913
SHF-010,control,Toe,5.791098253785946
SHF-010,control,Eb,3.612933381006622
SHF-010,control,H,45.0
SHF-010,control,ve,29.564315979197225
SHF-010,control,Te,29.39850104290851
SHF-010,control,De,75.53725111288078
SHF-010,control,khe_i,50.455190949171936
SHF-010,control,khe_f,26.56635428409761
SHF-010,control,Th_i,23.589951985294864
SHF-010,control,Th_f,52.791279634216686
SHF-010,control,Th,38.19061580975577
SHF-010,control,khe,38.510772616634775
SHF-010,control,Kbh,2.6184442926540887
SHF-010,control,Khe,130.26099654641993
SHF-010,control,kbh,1.8443191482345782
SHF-010,control,kbh_i,2.9858341409389
SHF-010,control,kbh_f,1.3342295263316533
SHF-010,control,CL,0.36396731432892665
SHF-010,control,AUC_Cb,43.45934047729083
SHF-010,control,AUC_Cl,660.5313266582498
SHF-010,control,AUC35_Cb,26.50427502191463
SHF-010,control,AUC35_Cl,195.3705435271778
SHF-010,control,RE_R1b,16.448124281432463
SHF-010,control,RE_R1l,80.73206674152004
SHF-010,control,RE_Sb,14.355279655349976
SHF-010,control,RE_Sl,69.50546173859524
SHF-010,control,T1_1,0.76626
SHF-010,control,T1_2,0.41884
SHF-010,control,t1_MOLLI,10.315555555555555
SHF-010,control,t2_MOLLI,11.1275
SHF-010,control,T1_3,0.65856
SHF-010,control,t3_MOLLI,12.640555555555556
SHF-010,control,t0,10.434166666666666
SHF-010,control,t1,11.120277777777778
SHF-010,control,t2,12.758055555555556
SHF-010,control,t3,13.445277777777777
SHF-010,control,dt1,2.0
SHF-010,control,dt2,2.0
SHF-016,control,S02a,43114.59453544439
SHF-016,control,S02l,16420.290509604958
SHF-016,control,BAT2,123.03088531793769
SHF-016,control,BAT,1.1961999385562836
SHF-016,control,CO,13.716934900774113
SHF-016,control,Thl,14.323139878372295
SHF-016,control,Dhl,47.050139816978536
SHF-016,control,To,23.799378059899514
SHF-016,control,Eo,16.56157995429071
SHF-016,control,Toe,11.48960374950074
SHF-016,control,Eb,4.147245425835205
SHF-016,control,H,45.0
SHF-016,control,ve,1.0012571772318977
SHF-016,control,Te,0.27417145929325876
SHF-016,control,De,6.894005344959836
SHF-016,control,khe_i,72.31486011880123
SHF-016,control,khe_f,146.18834581524538
SHF-016,control,Th_i,28.22912774011696
SHF-016,control,Th_f,27.324173068377014
SHF-016,control,Th,27.776650404246986
SHF-016,control,khe,109.2516029670233
SHF-016,control,Kbh,3.600146113539674
SHF-016,control,Khe,10911.442679398633
SHF-016,control,kbh,3.564099392187023
SHF-016,control,kbh_i,3.5069713713498514
SHF-016,control,kbh_f,3.6231194472026664
SHF-016,control,CL,1.0267914145428836
SHF-016,control,AUC_Cb,33.85846160045036
SHF-016,control,AUC_Cl,816.1126577474288
SHF-016,control,AUC35_Cb,16.74816359652695
SHF-016,control,AUC35_Cl,229.53304829474013
SHF-016,control,RE_R1b,8.826182354675598
SHF-016,control,RE_R1l,67.64500317001986
SHF-016,control,RE_Sb,7.938001949772203
SHF-016,control,RE_Sl,61.41300965657216
SHF-016,control,T1_1,0.65575
SHF-016,control,T1_2,0.41641
SHF-016,control,t1_MOLLI,11.832777777777778
SHF-016,control,t2_MOLLI,12.673333333333334
SHF-016,control,T1_3,0.58513
SHF-016,control,t3_MOLLI,13.8225
SHF-016,control,t0,11.980277777777777
SHF-016,control,t1,12.666944444444445
SHF-016,control,t2,13.945
SHF-016,control,t3,14.630555555555556
SHF-016,control,dt1,2.0
SHF-016,control,dt2,2.0
