parameter,description,unit,type,group,label,value_map,cluster
S02a,Aorta second signal scale factor,a.u.,float,MRI - aorta,"S0(2,a)",NaN,Aorta
BAT2,Second bolus arrival time,min,float,MRI - aorta,BAT(2),NaN,Aorta
BAT,First bolus arrival time,min,float,MRI - aorta,BAT(1),NaN,Aorta
CO,Cardiac output,L/min,float,MRI - aorta,CO,NaN,Aorta
Thl,Heart-lung mean transit time,sec,float,MRI - aorta,MTT(hl),NaN,Aorta
Dhl,Heart-lung dispersion,%,float,MRI - aorta,TTD(hl),NaN,Aorta
To,Organs blood mean transit time,sec,float,MRI - aorta,MTT(o),NaN,Aorta
Eo,Organs extraction fraction,%,float,MRI - aorta,E(o),NaN,Aorta
Toe,Organs extravascular mean transit time,min,float,MRI - aorta,"MTT(o,e)",NaN,Aorta
Eb,Body extraction fraction,%,float,MRI - aorta,E,NaN,Aorta
AUC_Cb,AUC for Cb (0-inf),mM*sec,float,MRI - aorta,AUC(b),NaN,Aorta
AUC35_Cb,AUC for Cb (0-35min),mM*sec,float,MRI - aorta,"AUC(30,b)",NaN,Aorta
RE_R1b,RE for R1b at 20min,%,float,MRI - aorta,RER1(b),NaN,Aorta
RE_Sb,RE for Sb at 20min,%,float,MRI - aorta,RES(b),NaN,Aorta
S02l,Liver second signal scale factor,a.u.,float,MRI - liver,"S0(2,l)",NaN,Liver
H,Hematocrit,%,float,MRI - liver,,NaN,Liver
ve,Liver extracellular volume fraction,mL/100cm3,float,MRI - liver,v(e),NaN,EC
Te,Extracellular mean transit time,sec,float,MRI - liver,MTT(e),NaN,EC
De,Extracellular dispersion,%,float,MRI - liver,TTD(e),NaN,EC
khe_i,Initial hepatocellular uptake rate,mL/min/100cm3,float,MRI - liver,"k(he,i)",NaN,HC
khe_f,Final hepatocellular uptake rate,mL/min/100cm3,float,MRI - liver,"k(he,f)",NaN,HC
Th_i,Initial hepatocellular mean transit time,min,float,MRI - liver,"MTT(h,i)",NaN,HC
Th_f,Final hepatocellular mean transit time,min,float,MRI - liver,"MTT(h,f)",NaN,HC
Th,Hepatocellular mean transit time,min,float,MRI - liver,MTT(h),NaN,HC
khe,Hepatocellular uptake rate,mL/min/100cm3,float,MRI - liver,k(he),NaN,HC
Kbh,Biliary tissue excretion rate,mL/min/100cm3,float,MRI - liver,K(bh),NaN,HC
Khe,Hepatocellular tissue uptake rate,mL/min/100cm3,float,MRI - liver,K(he),NaN,HC
kbh,Biliary excretion rate,mL/min/100cm3,float,MRI - liver,k(bh),NaN,HC
kbh_i,Initial biliary excretion rate,mL/min/100cm3,float,MRI - liver,"k(bh,i)",NaN,HC
kbh_f,Final biliary excretion rate,mL/min/100cm3,float,MRI - liver,"k(bh,f)",NaN,HC
CL,Liver blood clearance,L/min,float,MRI - liver,Cl,NaN,HC
AUC_Cl,AUC for Cl (0-inf),mM*sec,float,MRI - liver,AUC(l),NaN,SQ
AUC35_Cl,AUC for Cl (0-35min),mM*sec,float,MRI - liver,"AUC(30,l)",NaN,SQ
RE_R1l,RE for R1l at 20min,%,float,MRI - liver,RER1(l),NaN,SQ
RE_Sl,RE for Sl at 20min,%,float,MRI - liver,RES(l),NaN,SQ
T1_1,Liver T1-MOLLI at baseline,sec,float,MRI - liver,T1(1),NaN,SQ
T1_2,Liver T1-MOLLI at 45min,sec,float,MRI - liver,T1(45),NaN,SQ
T1_3,Liver T1-MOLLI at scan 2,sec,float,MRI - liver,T1(2),NaN,SQ
t1_MOLLI,Time of T1-MOLLI at baseline,hrs,float,MRI - liver,t1_MOLLI,NaN,Liver
t2_MOLLI,Time of T1-MOLLI at 45min,hrs,float,MRI - liver,t2_MOLLI,NaN,Liver
t3_MOLLI,Time of T1-MOLLI at scan 2,hrs,float,MRI - liver,t3_MOLLI,NaN,Liver
t0,Start time first acquisition,hrs,float,MRI - liver,t0,NaN,Liver
t1,End time first acquisition,hrs,float,MRI - liver,t1,NaN,Liver
t2,Start time second acquisition,hrs,float,MRI - liver,t2,NaN,Liver
t3,End time second acquisition,hrs,float,MRI - liver,t3,NaN,Liver
dt1,Time step first acquisition,sec,float,MRI - liver,dt(1),NaN,Liver
dt2,Time step second acquisition,sec,float,MRI - liver,dt(2),NaN,Liver
Age,Age,yr,float,Screening,Age,NaN,Screening
Sex,Sex,,float,Screening,Sex,"0:female,1:male",Screening
PostALP,Post ALP,U/L,float,Blood - liver function test,ALP(f),NaN,Blood - liver function test
PostALT,Post ALT,U/L,float,Blood - liver function test,ALT(f),NaN,Blood - liver function test
PostAlb,Post Albumin,g/L,float,Blood - liver function test,Alb(f),NaN,Blood - liver function test
PostBili,Post Bilirubin,umol/L,float,Blood - liver function test,Bil(f),NaN,Blood - liver function test
PostConBili,Post Conjugated bilirubin,umol/L,float,Blood - liver function test,CBil(f),NaN,Blood - liver function test
PostConTotBili,Post Conjugated/total bilirubin,%,float,Blood - liver function test,CTBil(f),NaN,Blood - liver function test
PreALP,Pre ALP,U/L,float,Blood - liver function test,ALP(i),NaN,Blood - liver function test
PreALT,Pre ALT,U/L,float,Blood - liver function test,ALT(i),NaN,Blood - liver function test
PreAlb,Pre Albumin,g/L,float,Blood - liver function test,Alb(i),NaN,Blood - liver function test
PreBili,Pre Bilirubin,umol/L,float,Blood - liver function test,Bil(i),NaN,Blood - liver function test
PreConBili,Pre Conjugated bilirubin,umol/L,float,Blood - liver function test,CBil(i),NaN,Blood - liver function test
PreConTotBili,Pre Conjugated/total bilirubin,%,float,Blood - liver function test,CTBil(i),NaN,Blood - liver function test
InitALP,Init ALP,U/L,float,Blood - liver function test,ALP(0),NaN,Blood - liver function test
InitALT,Init ALT,U/L,float,Blood - liver function test,ALT(0),NaN,Blood - liver function test
InitAlb,Init Albumin,g/L,float,Blood - liver function test,Alb(0),NaN,Blood - liver function test
InitBili,Init Bilirubin,umol/L,float,Blood - liver function test,Bil(0),NaN,Blood - liver function test
InitConBili,Init Conjugated bilirubin,umol/L,float,Blood - liver function test,CBil(0),NaN,Blood - liver function test
InitConTotBili,Init Conjugated/total bilirubin,%,float,Blood - liver function test,CTBil(0),NaN,Blood - liver function test
BMI,BMI ,kg/m2,float,Screening,BMI,NaN,Screening
Crea,Creatinine,umol/L,float,Screening,Crea,NaN,Screening
Height,Height ,cm,float,Screening,Height,NaN,Screening
Urea,Urea nitrogen,mmol/L,float,Screening,Urea,NaN,Screening
Weight,Body weight ,kg,float,Screening,Weight,NaN,Screening
khe_slope,khe change per time,mL/min/100cm3/hr,float,MRI - liver,Dk(he),NaN,HC
kbh_slope,kbh change per time,mL/min/100cm3/hr,float,MRI - liver,Dk(bh),NaN,HC
R1_45min,R1 at 45mins,1/sec,float,MRI - liver,R1(45),NaN,SQ
DR1_45min,Delta R1 at 45mins,1/sec,float,MRI - liver,DR1(45),NaN,SQ
R1_scan2,R1 (scan 2),1/sec,float,MRI - liver,R1(2),NaN,SQ
DR1_scan2,Delta R1 (scan 2),1/sec,float,MRI - liver,DR1(2),NaN,SQ
AvrAlb,Average Albumin,g/L,float,Blood - liver function test,Alb,NaN,Blood - liver function test
AvrALP,Average ALP,U/L,float,Blood - liver function test,ALP,NaN,Blood - liver function test
AvrALT,Average ALT,U/L,float,Blood - liver function test,ALT,NaN,Blood - liver function test
AvrBili,Average Bilirubin,umol/L,float,Blood - liver function test,Bil,NaN,Blood - liver function test
AvrConBili,Average Conjugated Bilirubin,umol/L,float,Blood - liver function test,CBil,NaN,Blood - liver function test
AvrConTotBili,Average Conjugated/total bilirubin,%,float,Blood - liver function test,CTBil,NaN,Blood - liver function test
