parameter,description,unit,type,group,label,value_map,cluster
S02a,Aorta second signal scale factor,a.u.,float,MRI - aorta,"S0(2,a)",NaN,Aorta
BAT2,Second bolus arrival time,min,float,MRI - aorta,BAT(2),NaN,Aorta
BAT,First bolus arrival time,min,float,MRI - aorta,BAT(1),NaN,Aorta
CO,Cardiac output,L/min,float,MRI - aorta,CO,NaN,Aorta
Thl,Heart-lung mean transit time,sec,float,MRI - aorta,MTT(hl),NaN,Aorta
Dhl,Heart-lung dispersion,%,float,MRI - aorta,TTD(hl),NaN,Aorta
To,Organs blood mean transit time,sec,float,MRI - aorta,MTT(o),NaN,Aorta
Eo,Organs extraction fraction,%,float,MRI - aorta,E(o),NaN,Aorta
Toe,Organs extravascular mean transit time,min,float,MRI - aorta,"MTT(o,e)",NaN,Aorta
Eb,Body extraction fraction,%,float,MRI - aorta,E,NaN,Aorta
AUC_Cb,AUC for Cb (0-inf),mM*sec,float,MRI - aorta,AUC(b),NaN,Aorta
AUC35_Cb,AUC for Cb (0-35min),mM*sec,float,MRI - aorta,"AUC(30,b)",NaN,Aorta
RE_R1b,RE for R1b at 20min,%,float,MRI - aorta,RER1(b),NaN,Aorta
RE_Sb,RE for Sb at 20min,%,float,MRI - aorta,RES(b),NaN,Aorta
S02l,Liver second signal scale factor,a.u.,float,MRI - liver,"S0(2,l)",NaN,Liver
H,Hematocrit,%,float,MRI - liver,,NaN,Liver
ve,Liver extracellular volume fraction,mL/100cm3,float,MRI - liver,v(e),NaN,EC
Te,Extracellular mean transit time,sec,float,MRI - liver,MTT(e),NaN,EC
De,Extracellular dispersion,%,float,MRI - liver,TTD(e),NaN,EC
khe_i,Initial hepatocellular uptake rate,mL/min/100cm3,float,MRI - liver,"k(he,i)",NaN,HC
khe_f,Final hepatocellular uptake rate,mL/min/100cm3,float,MRI - liver,"k(he,f)",NaN,HC
Th_i,Initial hepatocellular mean transit time,min,float,MRI - liver,"MTT(h,i)",NaN,HC
Th_f,Final hepatocellular mean transit time,min,float,MRI - liver,"MTT(h,f)",NaN,HC
Th,Hepatocellular mean transit time,min,float,MRI - liver,MTT(h),NaN,HC
khe,Hepatocellular uptake rate,mL/min/100cm3,float,MRI - liver,k(he),NaN,HC
Kbh,Biliary tissue excretion rate,mL/min/100cm3,float,MRI - liver,K(bh),NaN,HC
Khe,Hepatocellular tissue uptake rate,mL/min/100cm3,float,MRI - liver,K(he),NaN,HC
kbh,Biliary excretion rate,mL/min/100cm3,float,MRI - liver,k(bh),NaN,HC
kbh_i,Initial biliary excretion rate,mL/min/100cm3,float,MRI - liver,"k(bh,i)",NaN,HC
kbh_f,Final biliary excretion rate,mL/min/100cm3,float,MRI - liver,"k(bh,f)",NaN,HC
CL,Liver blood clearance,L/min,float,MRI - liver,Cl,NaN,HC
AUC_Cl,AUC for Cl (0-inf),mM*sec,float,MRI - liver,AUC(l),NaN,SQ
AUC35_Cl,AUC for Cl (0-35min),mM*sec,float,MRI - liver,"AUC(30,l)",NaN,SQ
RE_R1l,RE for R1l at 20min,%,float,MRI - liver,RER1(l),NaN,SQ
RE_Sl,RE for Sl at 20min,%,float,MRI - liver,RES(l),NaN,SQ
T1_1,Liver T1-MOLLI at baseline,sec,float,MRI - liver,T1(1),NaN,SQ
T1_2,Liver T1-MOLLI at 45min,sec,float,MRI - liver,T1(45),NaN,SQ
T1_3,Liver T1-MOLLI at scan 2,sec,float,MRI - liver,T1(2),NaN,SQ
t1_MOLLI,Time of T1-MOLLI at baseline,hrs,float,MRI - liver,t1_MOLLI,NaN,Liver
t2_MOLLI,Time of T1-MOLLI at 45min,hrs,float,MRI - liver,t2_MOLLI,NaN,Liver
t3_MOLLI,Time of T1-MOLLI at scan 2,hrs,float,MRI - liver,t3_MOLLI,NaN,Liver
t0,Start time first acquisition,hrs,float,MRI - liver,t0,NaN,Liver
t1,End time first acquisition,hrs,float,MRI - liver,t1,NaN,Liver
t2,Start time second acquisition,hrs,float,MRI - liver,t2,NaN,Liver
t3,End time second acquisition,hrs,float,MRI - liver,t3,NaN,Liver
dt1,Time step first acquisition,sec,float,MRI - liver,dt(1),NaN,Liver
dt2,Time step second acquisition,sec,float,MRI - liver,dt(2),NaN,Liver
